-- BIDEO 더미 데이터 확장 v2
-- 작품 200 + 합성 이미지 + 태그 + 갤러리 30 + 경매 50 + 인터랙션
\encoding UTF8

-- 1. 태그
insert into tbl_tag (tag_name) values
  ('SF'),
  ('감정'),
  ('거리'),
  ('건강'),
  ('건물'),
  ('건축'),
  ('경기'),
  ('계절'),
  ('골목'),
  ('공간'),
  ('구성'),
  ('구조'),
  ('귀여움'),
  ('기하학'),
  ('꽃'),
  ('네온'),
  ('달'),
  ('도시'),
  ('도심'),
  ('동물'),
  ('디자인'),
  ('디저트'),
  ('디지털'),
  ('로봇'),
  ('룩북'),
  ('맛집'),
  ('미니멀'),
  ('미래'),
  ('미소'),
  ('바다'),
  ('밤'),
  ('별'),
  ('빌딩'),
  ('빛'),
  ('사람'),
  ('사이버펑크'),
  ('산'),
  ('색감'),
  ('생명'),
  ('서울'),
  ('스타일'),
  ('스포츠'),
  ('실내'),
  ('야경'),
  ('야생'),
  ('얼굴'),
  ('여유'),
  ('오후'),
  ('요리'),
  ('우주'),
  ('운동'),
  ('음식'),
  ('의류'),
  ('인물'),
  ('일상'),
  ('자연'),
  ('집'),
  ('추상'),
  ('카페'),
  ('코디'),
  ('패션'),
  ('평범한'),
  ('풍경'),
  ('피트니스'),
  ('하늘'),
  ('한식'),
  ('활동')
 on conflict (tag_name) do nothing;

-- 2. 작품 (200개)
insert into tbl_work (id, member_id, title, category, description, price, license_type, is_tradable, allow_comment, show_similar, thumbnail, view_count, like_count, save_count, comment_count, status) overriding system value values
  (1, 95, '새벽의 종로', '도시', '새벽의 종로 - 따뜻한 분위기의 도시 작품', 30000, 'PERSONAL', true, true, true, '/uploads/works/work_001.png', 1153, 104, 173, 47, 'ACTIVE'),
  (2, 65, '가을 숲길', '자연', '가을 숲길 - 고요한 분위기의 자연 작품', 10000, 'EXCLUSIVE', true, true, true, '/uploads/works/work_002.png', 1638, 558, 107, 14, 'ACTIVE'),
  (3, 36, '여름의 청춘', '인물', '여름의 청춘 - 강렬한 분위기의 인물 작품', 30000, 'COMMERCIAL', true, true, true, '/uploads/works/work_003.png', 847, 94, 97, 6, 'ACTIVE'),
  (4, 49, '회색 미니멀', '추상', '회색 미니멀 - 차분하고 분위기의 추상 작품', 150000, 'COMMERCIAL', true, true, true, '/uploads/works/work_004.png', 6804, 370, 147, 12, 'ACTIVE'),
  (5, 88, '레트로 미래', 'SF', '레트로 미래 - 따뜻한 분위기의 SF 작품', 300000, 'PERSONAL', true, true, true, '/uploads/works/work_005.png', 1886, 32, 80, 25, 'ACTIVE'),
  (6, 83, '독수리의 시선', '동물', '독수리의 시선 - 시원한 분위기의 동물 작품', 30000, 'COMMERCIAL', true, true, true, '/uploads/works/work_006.png', 1153, 252, 190, 35, 'ACTIVE'),
  (7, 66, '에스프레소 잔', '음식', '에스프레소 잔 - 시원한 분위기의 음식 작품', 10000, 'PERSONAL', true, true, true, '/uploads/works/work_007.png', 7064, 112, 39, 40, 'ACTIVE'),
  (8, 82, '폐허의 공장', '건축', '폐허의 공장 - 고요한 분위기의 건축 작품', 150000, 'PERSONAL', true, true, true, '/uploads/works/work_008.png', 1262, 382, 195, 10, 'ACTIVE'),
  (9, 31, '불꽃놀이', '야경', '불꽃놀이 - 차분하고 분위기의 야경 작품', 30000, 'EXCLUSIVE', true, true, true, '/uploads/works/work_009.png', 7767, 80, 21, 46, 'ACTIVE'),
  (10, 68, '꽃병이 있는 식탁', '일상', '꽃병이 있는 식탁 - 고요한 분위기의 일상 작품', 100000, 'PERSONAL', true, true, true, '/uploads/works/work_010.png', 7619, 552, 193, 46, 'ACTIVE'),
  (11, 53, '가을 니트', '패션', '가을 니트 - 강렬한 분위기의 패션 작품', 10000, 'PERSONAL', true, true, true, '/uploads/works/work_011.png', 5408, 441, 90, 27, 'ACTIVE'),
  (12, 14, '테니스 코트', '스포츠', '테니스 코트 - 강렬한 분위기의 스포츠 작품', 30000, 'PERSONAL', true, true, true, '/uploads/works/work_012.png', 4403, 459, 35, 27, 'ACTIVE'),
  (13, 65, '서울 골목', '도시', '서울 골목 - 고요한 분위기의 도시 작품', 30000, 'PERSONAL', true, true, true, '/uploads/works/work_013.png', 7880, 520, 20, 11, 'ACTIVE'),
  (14, 75, '가을 숲길', '자연', '가을 숲길 - 고요한 분위기의 자연 작품', 10000, 'EXCLUSIVE', true, true, true, '/uploads/works/work_014.png', 681, 429, 168, 37, 'ACTIVE'),
  (15, 34, '책 읽는 사람', '인물', '책 읽는 사람 - 시원한 분위기의 인물 작품', 30000, 'EXCLUSIVE', true, true, true, '/uploads/works/work_015.png', 5297, 307, 117, 20, 'ACTIVE'),
  (16, 63, '프랙탈 정원', '추상', '프랙탈 정원 - 고요한 분위기의 추상 작품', 100000, 'COMMERCIAL', true, true, true, '/uploads/works/work_016.png', 278, 379, 55, 28, 'ACTIVE'),
  (17, 39, '레이저 도시', 'SF', '레이저 도시 - 시원한 분위기의 SF 작품', 300000, 'PERSONAL', true, true, true, '/uploads/works/work_017.png', 3027, 339, 172, 7, 'ACTIVE'),
  (18, 93, '숲의 부엉이', '동물', '숲의 부엉이 - 차분하고 분위기의 동물 작품', 150000, 'COMMERCIAL', true, true, true, '/uploads/works/work_018.png', 1406, 536, 161, 46, 'ACTIVE'),
  (19, 3, '와인과 치즈', '음식', '와인과 치즈 - 시원한 분위기의 음식 작품', 50000, 'COMMERCIAL', true, true, true, '/uploads/works/work_019.png', 1250, 422, 176, 13, 'ACTIVE'),
  (20, 91, '노출 콘크리트', '건축', '노출 콘크리트 - 강렬한 분위기의 건축 작품', 200000, 'EXCLUSIVE', true, true, true, '/uploads/works/work_020.png', 4015, 324, 122, 22, 'ACTIVE'),
  (21, 38, '뉴욕 스카이라인', '야경', '뉴욕 스카이라인 - 차분하고 분위기의 야경 작품', 50000, 'EXCLUSIVE', true, true, true, '/uploads/works/work_021.png', 657, 354, 113, 41, 'ACTIVE'),
  (22, 14, '비 내리는 창문', '일상', '비 내리는 창문 - 고요한 분위기의 일상 작품', 200000, 'EXCLUSIVE', true, true, true, '/uploads/works/work_022.png', 1970, 248, 12, 42, 'ACTIVE'),
  (23, 37, '가을 니트', '패션', '가을 니트 - 시원한 분위기의 패션 작품', 200000, 'EXCLUSIVE', true, true, true, '/uploads/works/work_023.png', 4305, 505, 34, 32, 'ACTIVE'),
  (24, 92, '필라테스', '스포츠', '필라테스 - 강렬한 분위기의 스포츠 작품', 10000, 'EXCLUSIVE', true, true, true, '/uploads/works/work_024.png', 2771, 302, 145, 43, 'ACTIVE'),
  (25, 86, '서울숲 아침', '도시', '서울숲 아침 - 차분하고 분위기의 도시 작품', 100000, 'COMMERCIAL', true, true, true, '/uploads/works/work_025.png', 1318, 415, 175, 32, 'ACTIVE'),
  (26, 20, '강물의 흐름', '자연', '강물의 흐름 - 시원한 분위기의 자연 작품', 200000, 'EXCLUSIVE', true, true, true, '/uploads/works/work_026.png', 3070, 425, 179, 35, 'ACTIVE'),
  (27, 58, '아침 출근길', '인물', '아침 출근길 - 고요한 분위기의 인물 작품', 200000, 'COMMERCIAL', true, true, true, '/uploads/works/work_027.png', 649, 577, 28, 3, 'ACTIVE'),
  (28, 88, '회색 미니멀', '추상', '회색 미니멀 - 강렬한 분위기의 추상 작품', 200000, 'EXCLUSIVE', true, true, true, '/uploads/works/work_028.png', 4014, 93, 130, 28, 'ACTIVE'),
  (29, 20, '우주 정거장', 'SF', '우주 정거장 - 고요한 분위기의 SF 작품', 50000, 'COMMERCIAL', true, true, true, '/uploads/works/work_029.png', 4814, 67, 79, 44, 'ACTIVE'),
  (30, 59, '강아지의 눈', '동물', '강아지의 눈 - 고요한 분위기의 동물 작품', 150000, 'PERSONAL', true, true, true, '/uploads/works/work_030.png', 2543, 179, 30, 0, 'ACTIVE'),
  (31, 67, '베이글과 잼', '음식', '베이글과 잼 - 활기찬 분위기의 음식 작품', 50000, 'PERSONAL', true, true, true, '/uploads/works/work_031.png', 3056, 129, 191, 49, 'ACTIVE'),
  (32, 32, '돔 천장', '건축', '돔 천장 - 시원한 분위기의 건축 작품', 200000, 'COMMERCIAL', true, true, true, '/uploads/works/work_032.png', 2232, 79, 146, 23, 'ACTIVE'),
  (33, 59, '심야 카페', '야경', '심야 카페 - 따뜻한 분위기의 야경 작품', 300000, 'COMMERCIAL', true, true, true, '/uploads/works/work_033.png', 5661, 489, 107, 41, 'ACTIVE'),
  (34, 14, '주말 산책', '일상', '주말 산책 - 시원한 분위기의 일상 작품', 150000, 'COMMERCIAL', true, true, true, '/uploads/works/work_034.png', 6582, 582, 173, 28, 'ACTIVE'),
  (35, 62, '미니멀 룩', '패션', '미니멀 룩 - 따뜻한 분위기의 패션 작품', 200000, 'EXCLUSIVE', true, true, true, '/uploads/works/work_035.png', 5264, 394, 38, 35, 'ACTIVE'),
  (36, 16, '농구 코트', '스포츠', '농구 코트 - 시원한 분위기의 스포츠 작품', 200000, 'EXCLUSIVE', true, true, true, '/uploads/works/work_036.png', 155, 105, 103, 26, 'ACTIVE'),
  (37, 1, '강남 빌딩 숲', '도시', '강남 빌딩 숲 - 따뜻한 분위기의 도시 작품', 50000, 'EXCLUSIVE', true, true, true, '/uploads/works/work_037.png', 7910, 298, 140, 33, 'ACTIVE'),
  (38, 14, '들녘의 노을', '자연', '들녘의 노을 - 따뜻한 분위기의 자연 작품', 150000, 'PERSONAL', true, true, true, '/uploads/works/work_038.png', 1546, 123, 100, 13, 'ACTIVE'),
  (39, 99, '어머니의 시선', '인물', '어머니의 시선 - 시원한 분위기의 인물 작품', 100000, 'EXCLUSIVE', true, true, true, '/uploads/works/work_039.png', 4837, 516, 34, 31, 'ACTIVE'),
  (40, 100, '프랙탈 정원', '추상', '프랙탈 정원 - 강렬한 분위기의 추상 작품', 200000, 'EXCLUSIVE', true, true, true, '/uploads/works/work_040.png', 1432, 131, 26, 24, 'ACTIVE'),
  (41, 82, '인공지능 코어', 'SF', '인공지능 코어 - 고요한 분위기의 SF 작품', 50000, 'COMMERCIAL', true, true, true, '/uploads/works/work_041.png', 3955, 552, 58, 5, 'ACTIVE'),
  (42, 1, '눈밭의 여우', '동물', '눈밭의 여우 - 고요한 분위기의 동물 작품', 300000, 'PERSONAL', true, true, true, '/uploads/works/work_042.png', 2827, 293, 120, 34, 'ACTIVE'),
  (43, 77, '갈비찜', '음식', '갈비찜 - 강렬한 분위기의 음식 작품', 300000, 'PERSONAL', true, true, true, '/uploads/works/work_043.png', 4500, 382, 48, 26, 'ACTIVE'),
  (44, 25, '벽돌의 결', '건축', '벽돌의 결 - 따뜻한 분위기의 건축 작품', 10000, 'PERSONAL', true, true, true, '/uploads/works/work_044.png', 416, 547, 5, 11, 'ACTIVE'),
  (45, 30, '서울 야경', '야경', '서울 야경 - 차분하고 분위기의 야경 작품', 30000, 'PERSONAL', true, true, true, '/uploads/works/work_045.png', 4053, 222, 87, 26, 'ACTIVE'),
  (46, 8, '비 내리는 창문', '일상', '비 내리는 창문 - 따뜻한 분위기의 일상 작품', 300000, 'COMMERCIAL', true, true, true, '/uploads/works/work_046.png', 594, 556, 120, 11, 'ACTIVE'),
  (47, 82, '런웨이 무드', '패션', '런웨이 무드 - 따뜻한 분위기의 패션 작품', 30000, 'COMMERCIAL', true, true, true, '/uploads/works/work_047.png', 7280, 53, 170, 13, 'ACTIVE'),
  (48, 90, '필라테스', '스포츠', '필라테스 - 고요한 분위기의 스포츠 작품', 300000, 'PERSONAL', true, true, true, '/uploads/works/work_048.png', 1040, 499, 59, 20, 'ACTIVE'),
  (49, 9, '여의도 일몰', '도시', '여의도 일몰 - 고요한 분위기의 도시 작품', 30000, 'COMMERCIAL', true, true, true, '/uploads/works/work_049.png', 2432, 269, 138, 23, 'ACTIVE'),
  (50, 100, '눈 내린 들판', '자연', '눈 내린 들판 - 고요한 분위기의 자연 작품', 30000, 'COMMERCIAL', true, true, true, '/uploads/works/work_050.png', 5916, 64, 168, 34, 'ACTIVE'),
  (51, 53, '여름의 청춘', '인물', '여름의 청춘 - 활기찬 분위기의 인물 작품', 50000, 'PERSONAL', true, true, true, '/uploads/works/work_051.png', 798, 535, 168, 4, 'ACTIVE'),
  (52, 10, '디지털 노이즈', '추상', '디지털 노이즈 - 강렬한 분위기의 추상 작품', 150000, 'PERSONAL', true, true, true, '/uploads/works/work_052.png', 839, 236, 136, 24, 'ACTIVE'),
  (53, 83, '사이버펑크 골목', 'SF', '사이버펑크 골목 - 시원한 분위기의 SF 작품', 300000, 'COMMERCIAL', true, true, true, '/uploads/works/work_053.png', 7330, 435, 159, 11, 'ACTIVE'),
  (54, 55, '나비의 날개', '동물', '나비의 날개 - 고요한 분위기의 동물 작품', 10000, 'EXCLUSIVE', true, true, true, '/uploads/works/work_054.png', 4090, 242, 182, 32, 'ACTIVE'),
  (55, 15, '수제 버거', '음식', '수제 버거 - 고요한 분위기의 음식 작품', 100000, 'EXCLUSIVE', true, true, true, '/uploads/works/work_055.png', 665, 145, 186, 46, 'ACTIVE'),
  (56, 89, '유리 빌딩', '건축', '유리 빌딩 - 고요한 분위기의 건축 작품', 200000, 'COMMERCIAL', true, true, true, '/uploads/works/work_056.png', 5965, 577, 66, 3, 'ACTIVE'),
  (57, 37, '서울 야경', '야경', '서울 야경 - 시원한 분위기의 야경 작품', 10000, 'PERSONAL', true, true, true, '/uploads/works/work_057.png', 4151, 78, 200, 17, 'ACTIVE'),
  (58, 76, '주말 산책', '일상', '주말 산책 - 활기찬 분위기의 일상 작품', 30000, 'EXCLUSIVE', true, true, true, '/uploads/works/work_058.png', 3668, 378, 44, 16, 'ACTIVE'),
  (59, 96, '미니멀 룩', '패션', '미니멀 룩 - 고요한 분위기의 패션 작품', 30000, 'COMMERCIAL', true, true, true, '/uploads/works/work_059.png', 5609, 399, 121, 16, 'ACTIVE'),
  (60, 87, '마라톤 출발', '스포츠', '마라톤 출발 - 따뜻한 분위기의 스포츠 작품', 150000, 'EXCLUSIVE', true, true, true, '/uploads/works/work_060.png', 7840, 42, 24, 34, 'ACTIVE'),
  (61, 84, '명동의 활기', '도시', '명동의 활기 - 고요한 분위기의 도시 작품', 100000, 'COMMERCIAL', true, true, true, '/uploads/works/work_061.png', 6343, 247, 187, 43, 'ACTIVE'),
  (62, 87, '설악산 단풍', '자연', '설악산 단풍 - 차분하고 분위기의 자연 작품', 300000, 'PERSONAL', true, true, true, '/uploads/works/work_062.png', 107, 421, 25, 33, 'ACTIVE'),
  (63, 25, '카페의 그녀', '인물', '카페의 그녀 - 차분하고 분위기의 인물 작품', 10000, 'EXCLUSIVE', true, true, true, '/uploads/works/work_063.png', 763, 58, 152, 42, 'ACTIVE'),
  (64, 52, '구성주의', '추상', '구성주의 - 차분하고 분위기의 추상 작품', 30000, 'COMMERCIAL', true, true, true, '/uploads/works/work_064.png', 5950, 511, 71, 48, 'ACTIVE'),
  (65, 78, '레트로 미래', 'SF', '레트로 미래 - 활기찬 분위기의 SF 작품', 50000, 'PERSONAL', true, true, true, '/uploads/works/work_065.png', 2490, 98, 194, 4, 'ACTIVE'),
  (66, 65, '치타의 속도', '동물', '치타의 속도 - 따뜻한 분위기의 동물 작품', 150000, 'COMMERCIAL', true, true, true, '/uploads/works/work_066.png', 6641, 553, 139, 1, 'ACTIVE'),
  (67, 57, '파스타 한 그릇', '음식', '파스타 한 그릇 - 시원한 분위기의 음식 작품', 10000, 'PERSONAL', true, true, true, '/uploads/works/work_067.png', 1458, 570, 168, 49, 'ACTIVE'),
  (68, 76, '오래된 다리', '건축', '오래된 다리 - 차분하고 분위기의 건축 작품', 30000, 'COMMERCIAL', true, true, true, '/uploads/works/work_068.png', 2867, 597, 6, 48, 'ACTIVE'),
  (69, 8, '도시의 별', '야경', '도시의 별 - 활기찬 분위기의 야경 작품', 30000, 'PERSONAL', true, true, true, '/uploads/works/work_069.png', 1932, 319, 151, 5, 'ACTIVE'),
  (70, 59, '책상 위 노트북', '일상', '책상 위 노트북 - 활기찬 분위기의 일상 작품', 300000, 'COMMERCIAL', true, true, true, '/uploads/works/work_070.png', 4663, 527, 107, 17, 'ACTIVE'),
  (71, 34, '액세서리 모음', '패션', '액세서리 모음 - 차분하고 분위기의 패션 작품', 50000, 'EXCLUSIVE', true, true, true, '/uploads/works/work_071.png', 3303, 231, 159, 47, 'ACTIVE'),
  (72, 73, '농구 코트', '스포츠', '농구 코트 - 고요한 분위기의 스포츠 작품', 100000, 'COMMERCIAL', true, true, true, '/uploads/works/work_072.png', 1728, 355, 19, 41, 'ACTIVE'),
  (73, 31, '도심 야경', '도시', '도심 야경 - 강렬한 분위기의 도시 작품', 200000, 'EXCLUSIVE', true, true, true, '/uploads/works/work_073.png', 6281, 307, 111, 26, 'ACTIVE'),
  (74, 33, '봄의 들판', '자연', '봄의 들판 - 활기찬 분위기의 자연 작품', 150000, 'PERSONAL', true, true, true, '/uploads/works/work_074.png', 3334, 244, 29, 9, 'ACTIVE'),
  (75, 55, '시장의 상인', '인물', '시장의 상인 - 활기찬 분위기의 인물 작품', 10000, 'PERSONAL', true, true, true, '/uploads/works/work_075.png', 1315, 279, 34, 1, 'ACTIVE'),
  (76, 8, '청록 그라데이션', '추상', '청록 그라데이션 - 차분하고 분위기의 추상 작품', 50000, 'EXCLUSIVE', true, true, true, '/uploads/works/work_076.png', 2451, 65, 104, 23, 'ACTIVE'),
  (77, 36, '플라즈마 폭풍', 'SF', '플라즈마 폭풍 - 시원한 분위기의 SF 작품', 100000, 'COMMERCIAL', true, true, true, '/uploads/works/work_077.png', 7078, 57, 125, 34, 'ACTIVE'),
  (78, 36, '숲의 부엉이', '동물', '숲의 부엉이 - 강렬한 분위기의 동물 작품', 50000, 'COMMERCIAL', true, true, true, '/uploads/works/work_078.png', 5872, 376, 78, 1, 'ACTIVE'),
  (79, 82, '갈비찜', '음식', '갈비찜 - 활기찬 분위기의 음식 작품', 50000, 'EXCLUSIVE', true, true, true, '/uploads/works/work_079.png', 1009, 547, 60, 28, 'ACTIVE'),
  (80, 54, '북유럽풍 카페', '건축', '북유럽풍 카페 - 고요한 분위기의 건축 작품', 200000, 'EXCLUSIVE', true, true, true, '/uploads/works/work_080.png', 6053, 334, 116, 44, 'ACTIVE'),
  (81, 49, '서울 야경', '야경', '서울 야경 - 따뜻한 분위기의 야경 작품', 300000, 'EXCLUSIVE', true, true, true, '/uploads/works/work_081.png', 1752, 599, 130, 18, 'ACTIVE'),
  (82, 18, '창가의 햇살', '일상', '창가의 햇살 - 활기찬 분위기의 일상 작품', 150000, 'COMMERCIAL', true, true, true, '/uploads/works/work_082.png', 7204, 442, 53, 39, 'ACTIVE'),
  (83, 69, '액세서리 모음', '패션', '액세서리 모음 - 차분하고 분위기의 패션 작품', 300000, 'EXCLUSIVE', true, true, true, '/uploads/works/work_083.png', 3656, 126, 90, 24, 'ACTIVE'),
  (84, 57, '서핑의 파도', '스포츠', '서핑의 파도 - 차분하고 분위기의 스포츠 작품', 30000, 'EXCLUSIVE', true, true, true, '/uploads/works/work_084.png', 172, 287, 174, 45, 'ACTIVE'),
  (85, 47, '홍대 거리', '도시', '홍대 거리 - 차분하고 분위기의 도시 작품', 50000, 'COMMERCIAL', true, true, true, '/uploads/works/work_085.png', 7419, 214, 1, 12, 'ACTIVE'),
  (86, 85, '여름 계곡', '자연', '여름 계곡 - 활기찬 분위기의 자연 작품', 150000, 'EXCLUSIVE', true, true, true, '/uploads/works/work_086.png', 5600, 578, 44, 4, 'ACTIVE'),
  (87, 94, '아침 출근길', '인물', '아침 출근길 - 따뜻한 분위기의 인물 작품', 30000, 'EXCLUSIVE', true, true, true, '/uploads/works/work_087.png', 199, 545, 157, 16, 'ACTIVE'),
  (88, 36, '바우하우스풍', '추상', '바우하우스풍 - 차분하고 분위기의 추상 작품', 200000, 'EXCLUSIVE', true, true, true, '/uploads/works/work_088.png', 3832, 507, 92, 33, 'ACTIVE'),
  (89, 14, '디지털 신', 'SF', '디지털 신 - 시원한 분위기의 SF 작품', 30000, 'COMMERCIAL', true, true, true, '/uploads/works/work_089.png', 6829, 55, 85, 33, 'ACTIVE'),
  (90, 11, '강아지의 눈', '동물', '강아지의 눈 - 차분하고 분위기의 동물 작품', 10000, 'COMMERCIAL', true, true, true, '/uploads/works/work_090.png', 2576, 66, 200, 8, 'ACTIVE'),
  (91, 14, '딸기 케이크', '음식', '딸기 케이크 - 활기찬 분위기의 음식 작품', 10000, 'EXCLUSIVE', true, true, true, '/uploads/works/work_091.png', 437, 301, 97, 25, 'ACTIVE'),
  (92, 33, '폐허의 공장', '건축', '폐허의 공장 - 따뜻한 분위기의 건축 작품', 100000, 'COMMERCIAL', true, true, true, '/uploads/works/work_092.png', 5946, 455, 47, 15, 'ACTIVE'),
  (93, 84, '터널의 빛', '야경', '터널의 빛 - 따뜻한 분위기의 야경 작품', 50000, 'EXCLUSIVE', true, true, true, '/uploads/works/work_093.png', 7261, 554, 198, 9, 'ACTIVE'),
  (94, 2, '창밖의 풍경', '일상', '창밖의 풍경 - 고요한 분위기의 일상 작품', 150000, 'EXCLUSIVE', true, true, true, '/uploads/works/work_094.png', 5566, 148, 14, 15, 'ACTIVE'),
  (95, 82, '봄의 트렌치', '패션', '봄의 트렌치 - 강렬한 분위기의 패션 작품', 200000, 'PERSONAL', true, true, true, '/uploads/works/work_095.png', 3831, 218, 61, 30, 'ACTIVE'),
  (96, 10, '결승선의 환호', '스포츠', '결승선의 환호 - 따뜻한 분위기의 스포츠 작품', 10000, 'EXCLUSIVE', true, true, true, '/uploads/works/work_096.png', 953, 145, 74, 28, 'ACTIVE'),
  (97, 26, '도심 야경', '도시', '도심 야경 - 따뜻한 분위기의 도시 작품', 30000, 'PERSONAL', true, true, true, '/uploads/works/work_097.png', 7263, 268, 184, 11, 'ACTIVE'),
  (98, 13, '겨울 호수', '자연', '겨울 호수 - 차분하고 분위기의 자연 작품', 300000, 'EXCLUSIVE', true, true, true, '/uploads/works/work_098.png', 1134, 388, 167, 50, 'ACTIVE'),
  (99, 48, '늦가을 산책', '인물', '늦가을 산책 - 활기찬 분위기의 인물 작품', 30000, 'EXCLUSIVE', true, true, true, '/uploads/works/work_099.png', 6555, 444, 182, 4, 'ACTIVE'),
  (100, 41, '색채 실험', '추상', '색채 실험 - 고요한 분위기의 추상 작품', 100000, 'EXCLUSIVE', true, true, true, '/uploads/works/work_100.png', 2013, 47, 195, 39, 'ACTIVE'),
  (101, 89, '메타버스 입구', 'SF', '메타버스 입구 - 시원한 분위기의 SF 작품', 200000, 'COMMERCIAL', true, true, true, '/uploads/works/work_101.png', 3891, 274, 148, 25, 'ACTIVE'),
  (102, 28, '독수리의 시선', '동물', '독수리의 시선 - 따뜻한 분위기의 동물 작품', 100000, 'COMMERCIAL', true, true, true, '/uploads/works/work_102.png', 4690, 160, 95, 16, 'ACTIVE'),
  (103, 75, '여름 빙수', '음식', '여름 빙수 - 차분하고 분위기의 음식 작품', 100000, 'EXCLUSIVE', true, true, true, '/uploads/works/work_103.png', 5098, 344, 109, 28, 'ACTIVE'),
  (104, 45, '오래된 다리', '건축', '오래된 다리 - 시원한 분위기의 건축 작품', 100000, 'EXCLUSIVE', true, true, true, '/uploads/works/work_104.png', 6217, 12, 120, 41, 'ACTIVE'),
  (105, 47, '터널의 빛', '야경', '터널의 빛 - 고요한 분위기의 야경 작품', 30000, 'COMMERCIAL', true, true, true, '/uploads/works/work_105.png', 7753, 0, 63, 19, 'ACTIVE'),
  (106, 74, '비 내리는 창문', '일상', '비 내리는 창문 - 시원한 분위기의 일상 작품', 200000, 'COMMERCIAL', true, true, true, '/uploads/works/work_106.png', 4291, 360, 155, 34, 'ACTIVE'),
  (107, 89, '미니멀 룩', '패션', '미니멀 룩 - 강렬한 분위기의 패션 작품', 150000, 'PERSONAL', true, true, true, '/uploads/works/work_107.png', 588, 275, 162, 44, 'ACTIVE'),
  (108, 49, '스케이트보드', '스포츠', '스케이트보드 - 차분하고 분위기의 스포츠 작품', 150000, 'PERSONAL', true, true, true, '/uploads/works/work_108.png', 645, 276, 31, 34, 'ACTIVE'),
  (109, 78, '석양의 한강', '도시', '석양의 한강 - 차분하고 분위기의 도시 작품', 10000, 'PERSONAL', true, true, true, '/uploads/works/work_109.png', 2615, 398, 46, 22, 'ACTIVE'),
  (110, 92, '나무 그림자', '자연', '나무 그림자 - 강렬한 분위기의 자연 작품', 200000, 'PERSONAL', true, true, true, '/uploads/works/work_110.png', 1178, 387, 145, 47, 'ACTIVE'),
  (111, 24, '운동하는 청년', '인물', '운동하는 청년 - 시원한 분위기의 인물 작품', 50000, 'COMMERCIAL', true, true, true, '/uploads/works/work_111.png', 4124, 293, 70, 27, 'ACTIVE'),
  (112, 12, '형태의 해체', '추상', '형태의 해체 - 활기찬 분위기의 추상 작품', 10000, 'PERSONAL', true, true, true, '/uploads/works/work_112.png', 5989, 245, 23, 10, 'ACTIVE'),
  (113, 49, '플라즈마 폭풍', 'SF', '플라즈마 폭풍 - 강렬한 분위기의 SF 작품', 50000, 'PERSONAL', true, true, true, '/uploads/works/work_113.png', 2778, 255, 138, 49, 'ACTIVE'),
  (114, 1, '늑대의 그림자', '동물', '늑대의 그림자 - 활기찬 분위기의 동물 작품', 200000, 'EXCLUSIVE', true, true, true, '/uploads/works/work_114.png', 3234, 222, 78, 41, 'ACTIVE'),
  (115, 43, '아이스크림', '음식', '아이스크림 - 따뜻한 분위기의 음식 작품', 50000, 'PERSONAL', true, true, true, '/uploads/works/work_115.png', 52, 358, 184, 11, 'ACTIVE'),
  (116, 18, '유리 빌딩', '건축', '유리 빌딩 - 따뜻한 분위기의 건축 작품', 200000, 'COMMERCIAL', true, true, true, '/uploads/works/work_116.png', 57, 367, 181, 12, 'ACTIVE'),
  (117, 96, '야간 비행', '야경', '야간 비행 - 따뜻한 분위기의 야경 작품', 10000, 'PERSONAL', true, true, true, '/uploads/works/work_117.png', 5467, 203, 122, 42, 'ACTIVE'),
  (118, 97, '러그 위 햇볕', '일상', '러그 위 햇볕 - 시원한 분위기의 일상 작품', 150000, 'EXCLUSIVE', true, true, true, '/uploads/works/work_118.png', 7575, 398, 33, 7, 'ACTIVE'),
  (119, 90, '데님 자켓', '패션', '데님 자켓 - 강렬한 분위기의 패션 작품', 200000, 'COMMERCIAL', true, true, true, '/uploads/works/work_119.png', 1635, 485, 180, 50, 'ACTIVE'),
  (120, 45, '자전거 라이딩', '스포츠', '자전거 라이딩 - 활기찬 분위기의 스포츠 작품', 100000, 'PERSONAL', true, true, true, '/uploads/works/work_120.png', 2630, 48, 46, 2, 'ACTIVE'),
  (121, 78, '명동의 활기', '도시', '명동의 활기 - 따뜻한 분위기의 도시 작품', 30000, 'EXCLUSIVE', true, true, true, '/uploads/works/work_121.png', 2270, 215, 149, 24, 'ACTIVE'),
  (122, 25, '여름 계곡', '자연', '여름 계곡 - 활기찬 분위기의 자연 작품', 100000, 'PERSONAL', true, true, true, '/uploads/works/work_122.png', 623, 559, 158, 21, 'ACTIVE'),
  (123, 54, '거리 음악가', '인물', '거리 음악가 - 고요한 분위기의 인물 작품', 200000, 'COMMERCIAL', true, true, true, '/uploads/works/work_123.png', 7313, 573, 88, 23, 'ACTIVE'),
  (124, 65, '프랙탈 정원', '추상', '프랙탈 정원 - 차분하고 분위기의 추상 작품', 30000, 'EXCLUSIVE', true, true, true, '/uploads/works/work_124.png', 2255, 132, 74, 2, 'ACTIVE'),
  (125, 22, '플라즈마 폭풍', 'SF', '플라즈마 폭풍 - 강렬한 분위기의 SF 작품', 10000, 'EXCLUSIVE', true, true, true, '/uploads/works/work_125.png', 1961, 298, 10, 40, 'ACTIVE'),
  (126, 69, '늑대의 그림자', '동물', '늑대의 그림자 - 차분하고 분위기의 동물 작품', 10000, 'EXCLUSIVE', true, true, true, '/uploads/works/work_126.png', 2856, 377, 83, 5, 'ACTIVE'),
  (127, 8, '비빔밥', '음식', '비빔밥 - 활기찬 분위기의 음식 작품', 300000, 'PERSONAL', true, true, true, '/uploads/works/work_127.png', 6759, 364, 56, 46, 'ACTIVE'),
  (128, 25, '오래된 다리', '건축', '오래된 다리 - 고요한 분위기의 건축 작품', 100000, 'EXCLUSIVE', true, true, true, '/uploads/works/work_128.png', 1487, 288, 5, 19, 'ACTIVE'),
  (129, 13, '한강 야경', '야경', '한강 야경 - 시원한 분위기의 야경 작품', 200000, 'COMMERCIAL', true, true, true, '/uploads/works/work_129.png', 2260, 324, 192, 22, 'ACTIVE'),
  (130, 64, '가족 식사', '일상', '가족 식사 - 활기찬 분위기의 일상 작품', 10000, 'COMMERCIAL', true, true, true, '/uploads/works/work_130.png', 7691, 105, 7, 14, 'ACTIVE'),
  (131, 68, '데님 자켓', '패션', '데님 자켓 - 강렬한 분위기의 패션 작품', 150000, 'COMMERCIAL', true, true, true, '/uploads/works/work_131.png', 5427, 501, 71, 20, 'ACTIVE'),
  (132, 41, '수영장 라인', '스포츠', '수영장 라인 - 따뜻한 분위기의 스포츠 작품', 200000, 'COMMERCIAL', true, true, true, '/uploads/works/work_132.png', 5378, 157, 129, 6, 'ACTIVE'),
  (133, 85, '이태원 밤', '도시', '이태원 밤 - 고요한 분위기의 도시 작품', 100000, 'COMMERCIAL', true, true, true, '/uploads/works/work_133.png', 2185, 121, 140, 5, 'ACTIVE'),
  (134, 43, '나무 그림자', '자연', '나무 그림자 - 차분하고 분위기의 자연 작품', 100000, 'COMMERCIAL', true, true, true, '/uploads/works/work_134.png', 3039, 100, 12, 41, 'ACTIVE'),
  (135, 77, '아이의 웃음', '인물', '아이의 웃음 - 따뜻한 분위기의 인물 작품', 150000, 'EXCLUSIVE', true, true, true, '/uploads/works/work_135.png', 4053, 531, 110, 6, 'ACTIVE'),
  (136, 22, '리듬의 선', '추상', '리듬의 선 - 따뜻한 분위기의 추상 작품', 200000, 'PERSONAL', true, true, true, '/uploads/works/work_136.png', 1375, 191, 85, 29, 'ACTIVE'),
  (137, 100, '사이버펑크 골목', 'SF', '사이버펑크 골목 - 차분하고 분위기의 SF 작품', 10000, 'COMMERCIAL', true, true, true, '/uploads/works/work_137.png', 6595, 343, 115, 31, 'ACTIVE'),
  (138, 2, '북극곰', '동물', '북극곰 - 따뜻한 분위기의 동물 작품', 50000, 'EXCLUSIVE', true, true, true, '/uploads/works/work_138.png', 2743, 530, 198, 42, 'ACTIVE'),
  (139, 85, '여름 빙수', '음식', '여름 빙수 - 강렬한 분위기의 음식 작품', 50000, 'COMMERCIAL', true, true, true, '/uploads/works/work_139.png', 263, 250, 147, 47, 'ACTIVE'),
  (140, 60, '오래된 골목', '건축', '오래된 골목 - 활기찬 분위기의 건축 작품', 30000, 'EXCLUSIVE', true, true, true, '/uploads/works/work_140.png', 7928, 296, 159, 35, 'ACTIVE'),
  (141, 11, '밤의 산책', '야경', '밤의 산책 - 활기찬 분위기의 야경 작품', 300000, 'PERSONAL', true, true, true, '/uploads/works/work_141.png', 5968, 76, 83, 10, 'ACTIVE'),
  (142, 91, '창가의 햇살', '일상', '창가의 햇살 - 고요한 분위기의 일상 작품', 50000, 'PERSONAL', true, true, true, '/uploads/works/work_142.png', 6903, 571, 169, 40, 'ACTIVE'),
  (143, 68, '데님 자켓', '패션', '데님 자켓 - 활기찬 분위기의 패션 작품', 30000, 'COMMERCIAL', true, true, true, '/uploads/works/work_143.png', 6896, 237, 74, 42, 'ACTIVE'),
  (144, 13, '권투 글러브', '스포츠', '권투 글러브 - 강렬한 분위기의 스포츠 작품', 10000, 'COMMERCIAL', true, true, true, '/uploads/works/work_144.png', 3447, 457, 83, 15, 'ACTIVE'),
  (145, 90, '청계천 산책', '도시', '청계천 산책 - 시원한 분위기의 도시 작품', 200000, 'PERSONAL', true, true, true, '/uploads/works/work_145.png', 6348, 495, 125, 38, 'ACTIVE'),
  (146, 53, '여름 계곡', '자연', '여름 계곡 - 차분하고 분위기의 자연 작품', 150000, 'COMMERCIAL', true, true, true, '/uploads/works/work_146.png', 2153, 325, 105, 25, 'ACTIVE'),
  (147, 44, '책 읽는 사람', '인물', '책 읽는 사람 - 활기찬 분위기의 인물 작품', 300000, 'PERSONAL', true, true, true, '/uploads/works/work_147.png', 2537, 458, 104, 14, 'ACTIVE'),
  (148, 38, '색의 흐름', '추상', '색의 흐름 - 강렬한 분위기의 추상 작품', 50000, 'COMMERCIAL', true, true, true, '/uploads/works/work_148.png', 3396, 220, 141, 46, 'ACTIVE'),
  (149, 65, '플라즈마 폭풍', 'SF', '플라즈마 폭풍 - 활기찬 분위기의 SF 작품', 200000, 'EXCLUSIVE', true, true, true, '/uploads/works/work_149.png', 3412, 20, 3, 47, 'ACTIVE'),
  (150, 55, '판다의 휴식', '동물', '판다의 휴식 - 고요한 분위기의 동물 작품', 200000, 'PERSONAL', true, true, true, '/uploads/works/work_150.png', 2485, 280, 117, 12, 'ACTIVE'),
  (151, 12, '디저트 모음', '음식', '디저트 모음 - 강렬한 분위기의 음식 작품', 100000, 'EXCLUSIVE', true, true, true, '/uploads/works/work_151.png', 2291, 494, 72, 44, 'ACTIVE'),
  (152, 63, '현대 미술관', '건축', '현대 미술관 - 고요한 분위기의 건축 작품', 30000, 'PERSONAL', true, true, true, '/uploads/works/work_152.png', 1167, 412, 157, 30, 'ACTIVE'),
  (153, 95, '불꽃놀이', '야경', '불꽃놀이 - 따뜻한 분위기의 야경 작품', 300000, 'PERSONAL', true, true, true, '/uploads/works/work_153.png', 309, 329, 176, 36, 'ACTIVE'),
  (154, 84, '러그 위 햇볕', '일상', '러그 위 햇볕 - 강렬한 분위기의 일상 작품', 50000, 'COMMERCIAL', true, true, true, '/uploads/works/work_154.png', 5817, 494, 131, 35, 'ACTIVE'),
  (155, 67, '스트릿 스타일', '패션', '스트릿 스타일 - 따뜻한 분위기의 패션 작품', 150000, 'COMMERCIAL', true, true, true, '/uploads/works/work_155.png', 4628, 169, 36, 18, 'ACTIVE'),
  (156, 25, '테니스 코트', '스포츠', '테니스 코트 - 따뜻한 분위기의 스포츠 작품', 50000, 'COMMERCIAL', true, true, true, '/uploads/works/work_156.png', 4797, 313, 94, 39, 'ACTIVE'),
  (157, 94, '서울 골목', '도시', '서울 골목 - 강렬한 분위기의 도시 작품', 50000, 'PERSONAL', true, true, true, '/uploads/works/work_157.png', 2163, 577, 26, 8, 'ACTIVE'),
  (158, 27, '강물의 흐름', '자연', '강물의 흐름 - 강렬한 분위기의 자연 작품', 10000, 'PERSONAL', true, true, true, '/uploads/works/work_158.png', 1783, 93, 157, 9, 'ACTIVE'),
  (159, 18, '노부부의 산책', '인물', '노부부의 산책 - 고요한 분위기의 인물 작품', 300000, 'COMMERCIAL', true, true, true, '/uploads/works/work_159.png', 3494, 483, 83, 19, 'ACTIVE'),
  (160, 40, '색채 실험', '추상', '색채 실험 - 고요한 분위기의 추상 작품', 50000, 'EXCLUSIVE', true, true, true, '/uploads/works/work_160.png', 650, 219, 42, 40, 'ACTIVE'),
  (161, 78, '메타버스 입구', 'SF', '메타버스 입구 - 따뜻한 분위기의 SF 작품', 10000, 'EXCLUSIVE', true, true, true, '/uploads/works/work_161.png', 2262, 490, 101, 2, 'ACTIVE'),
  (162, 78, '치타의 속도', '동물', '치타의 속도 - 활기찬 분위기의 동물 작품', 100000, 'COMMERCIAL', true, true, true, '/uploads/works/work_162.png', 1433, 484, 191, 41, 'ACTIVE'),
  (163, 17, '브런치 플레이트', '음식', '브런치 플레이트 - 차분하고 분위기의 음식 작품', 100000, 'PERSONAL', true, true, true, '/uploads/works/work_163.png', 469, 454, 163, 45, 'ACTIVE'),
  (164, 89, '전통 사찰', '건축', '전통 사찰 - 고요한 분위기의 건축 작품', 100000, 'PERSONAL', true, true, true, '/uploads/works/work_164.png', 5214, 3, 79, 17, 'ACTIVE'),
  (165, 15, '한강 야경', '야경', '한강 야경 - 차분하고 분위기의 야경 작품', 30000, 'EXCLUSIVE', true, true, true, '/uploads/works/work_165.png', 717, 190, 81, 37, 'ACTIVE'),
  (166, 40, '책장의 풍경', '일상', '책장의 풍경 - 활기찬 분위기의 일상 작품', 200000, 'PERSONAL', true, true, true, '/uploads/works/work_166.png', 6132, 135, 79, 3, 'ACTIVE'),
  (167, 44, '캐주얼 룩', '패션', '캐주얼 룩 - 활기찬 분위기의 패션 작품', 150000, 'EXCLUSIVE', true, true, true, '/uploads/works/work_167.png', 6808, 275, 23, 32, 'ACTIVE'),
  (168, 46, '축구 경기', '스포츠', '축구 경기 - 따뜻한 분위기의 스포츠 작품', 30000, 'COMMERCIAL', true, true, true, '/uploads/works/work_168.png', 4489, 190, 192, 1, 'ACTIVE'),
  (169, 12, '광화문 새벽', '도시', '광화문 새벽 - 따뜻한 분위기의 도시 작품', 300000, 'PERSONAL', true, true, true, '/uploads/works/work_169.png', 6575, 354, 117, 25, 'ACTIVE'),
  (170, 40, '바다 위 일출', '자연', '바다 위 일출 - 차분하고 분위기의 자연 작품', 30000, 'PERSONAL', true, true, true, '/uploads/works/work_170.png', 7036, 208, 111, 5, 'ACTIVE'),
  (171, 13, '늦가을 산책', '인물', '늦가을 산책 - 시원한 분위기의 인물 작품', 150000, 'EXCLUSIVE', true, true, true, '/uploads/works/work_171.png', 3238, 217, 120, 42, 'ACTIVE'),
  (172, 1, '색의 흐름', '추상', '색의 흐름 - 고요한 분위기의 추상 작품', 150000, 'COMMERCIAL', true, true, true, '/uploads/works/work_172.png', 7502, 79, 165, 14, 'ACTIVE'),
  (173, 84, '스페이스 콜로니', 'SF', '스페이스 콜로니 - 활기찬 분위기의 SF 작품', 100000, 'COMMERCIAL', true, true, true, '/uploads/works/work_173.png', 6328, 55, 77, 27, 'ACTIVE'),
  (174, 69, '판다의 휴식', '동물', '판다의 휴식 - 따뜻한 분위기의 동물 작품', 10000, 'PERSONAL', true, true, true, '/uploads/works/work_174.png', 3483, 544, 194, 24, 'ACTIVE'),
  (175, 66, '와인과 치즈', '음식', '와인과 치즈 - 고요한 분위기의 음식 작품', 200000, 'COMMERCIAL', true, true, true, '/uploads/works/work_175.png', 3572, 49, 118, 18, 'ACTIVE'),
  (176, 95, '현대 미술관', '건축', '현대 미술관 - 시원한 분위기의 건축 작품', 30000, 'PERSONAL', true, true, true, '/uploads/works/work_176.png', 698, 547, 24, 8, 'ACTIVE'),
  (177, 74, '터널의 빛', '야경', '터널의 빛 - 시원한 분위기의 야경 작품', 100000, 'COMMERCIAL', true, true, true, '/uploads/works/work_177.png', 1548, 591, 103, 28, 'ACTIVE'),
  (178, 84, '꽃병이 있는 식탁', '일상', '꽃병이 있는 식탁 - 고요한 분위기의 일상 작품', 50000, 'COMMERCIAL', true, true, true, '/uploads/works/work_178.png', 7321, 190, 65, 21, 'ACTIVE'),
  (179, 25, '비치웨어', '패션', '비치웨어 - 강렬한 분위기의 패션 작품', 300000, 'EXCLUSIVE', true, true, true, '/uploads/works/work_179.png', 1827, 17, 50, 46, 'ACTIVE'),
  (180, 94, '레슬링 매트', '스포츠', '레슬링 매트 - 고요한 분위기의 스포츠 작품', 150000, 'PERSONAL', true, true, true, '/uploads/works/work_180.png', 495, 420, 35, 9, 'ACTIVE'),
  (181, 40, '여의도 일몰', '도시', '여의도 일몰 - 고요한 분위기의 도시 작품', 10000, 'EXCLUSIVE', true, true, true, '/uploads/works/work_181.png', 4912, 482, 59, 42, 'ACTIVE'),
  (182, 35, '안개 산맥', '자연', '안개 산맥 - 차분하고 분위기의 자연 작품', 100000, 'COMMERCIAL', true, true, true, '/uploads/works/work_182.png', 934, 477, 109, 37, 'ACTIVE'),
  (183, 14, '아침 출근길', '인물', '아침 출근길 - 차분하고 분위기의 인물 작품', 200000, 'EXCLUSIVE', true, true, true, '/uploads/works/work_183.png', 7872, 371, 61, 42, 'ACTIVE'),
  (184, 74, '리듬의 선', '추상', '리듬의 선 - 차분하고 분위기의 추상 작품', 10000, 'PERSONAL', true, true, true, '/uploads/works/work_184.png', 2964, 594, 172, 45, 'ACTIVE'),
  (185, 70, '플라즈마 폭풍', 'SF', '플라즈마 폭풍 - 고요한 분위기의 SF 작품', 30000, 'EXCLUSIVE', true, true, true, '/uploads/works/work_185.png', 1025, 77, 48, 11, 'ACTIVE'),
  (186, 65, '코끼리의 발걸음', '동물', '코끼리의 발걸음 - 활기찬 분위기의 동물 작품', 50000, 'PERSONAL', true, true, true, '/uploads/works/work_186.png', 3504, 256, 88, 47, 'ACTIVE'),
  (187, 8, '딸기 케이크', '음식', '딸기 케이크 - 차분하고 분위기의 음식 작품', 100000, 'COMMERCIAL', true, true, true, '/uploads/works/work_187.png', 7404, 61, 158, 48, 'ACTIVE'),
  (188, 6, '전통 사찰', '건축', '전통 사찰 - 활기찬 분위기의 건축 작품', 50000, 'COMMERCIAL', true, true, true, '/uploads/works/work_188.png', 3818, 472, 83, 50, 'ACTIVE'),
  (189, 4, '야간 비행', '야경', '야간 비행 - 강렬한 분위기의 야경 작품', 300000, 'COMMERCIAL', true, true, true, '/uploads/works/work_189.png', 3134, 152, 102, 23, 'ACTIVE'),
  (190, 13, '집에서의 오후', '일상', '집에서의 오후 - 차분하고 분위기의 일상 작품', 100000, 'COMMERCIAL', true, true, true, '/uploads/works/work_190.png', 1237, 277, 86, 12, 'ACTIVE'),
  (191, 79, '데님 자켓', '패션', '데님 자켓 - 차분하고 분위기의 패션 작품', 150000, 'PERSONAL', true, true, true, '/uploads/works/work_191.png', 4348, 288, 87, 46, 'ACTIVE'),
  (192, 13, '스키장 슬로프', '스포츠', '스키장 슬로프 - 시원한 분위기의 스포츠 작품', 300000, 'PERSONAL', true, true, true, '/uploads/works/work_192.png', 5118, 329, 20, 33, 'ACTIVE'),
  (193, 65, '도심 야경', '도시', '도심 야경 - 따뜻한 분위기의 도시 작품', 30000, 'COMMERCIAL', true, true, true, '/uploads/works/work_193.png', 3475, 11, 76, 16, 'ACTIVE'),
  (194, 11, '들녘의 노을', '자연', '들녘의 노을 - 따뜻한 분위기의 자연 작품', 100000, 'PERSONAL', true, true, true, '/uploads/works/work_194.png', 3669, 391, 142, 10, 'ACTIVE'),
  (195, 37, '운동하는 청년', '인물', '운동하는 청년 - 강렬한 분위기의 인물 작품', 150000, 'PERSONAL', true, true, true, '/uploads/works/work_195.png', 2654, 17, 31, 3, 'ACTIVE'),
  (196, 81, '청록 그라데이션', '추상', '청록 그라데이션 - 시원한 분위기의 추상 작품', 200000, 'COMMERCIAL', true, true, true, '/uploads/works/work_196.png', 3250, 182, 83, 39, 'ACTIVE'),
  (197, 71, '우주 정거장', 'SF', '우주 정거장 - 따뜻한 분위기의 SF 작품', 200000, 'PERSONAL', true, true, true, '/uploads/works/work_197.png', 1261, 546, 47, 15, 'ACTIVE'),
  (198, 65, '백조의 호수', '동물', '백조의 호수 - 차분하고 분위기의 동물 작품', 100000, 'PERSONAL', true, true, true, '/uploads/works/work_198.png', 1378, 49, 120, 9, 'ACTIVE'),
  (199, 32, '아이스크림', '음식', '아이스크림 - 시원한 분위기의 음식 작품', 30000, 'EXCLUSIVE', true, true, true, '/uploads/works/work_199.png', 910, 254, 41, 40, 'ACTIVE'),
  (200, 77, '돔 천장', '건축', '돔 천장 - 따뜻한 분위기의 건축 작품', 300000, 'COMMERCIAL', true, true, true, '/uploads/works/work_200.png', 956, 422, 97, 24, 'ACTIVE')
 on conflict (id) do nothing;
select setval(pg_get_serial_sequence('tbl_work', 'id'), (select coalesce(max(id), 1) from tbl_work));

-- 3. 작품 파일
insert into tbl_work_file (work_id, file_url, file_type, file_size, width, height, sort_order) values
  (1, '/uploads/works/work_001.png', 'image/png', 200000, 512, 512, 0),
  (2, '/uploads/works/work_002.png', 'image/png', 200000, 512, 512, 0),
  (3, '/uploads/works/work_003.png', 'image/png', 200000, 512, 512, 0),
  (4, '/uploads/works/work_004.png', 'image/png', 200000, 512, 512, 0),
  (5, '/uploads/works/work_005.png', 'image/png', 200000, 512, 512, 0),
  (6, '/uploads/works/work_006.png', 'image/png', 200000, 512, 512, 0),
  (7, '/uploads/works/work_007.png', 'image/png', 200000, 512, 512, 0),
  (8, '/uploads/works/work_008.png', 'image/png', 200000, 512, 512, 0),
  (9, '/uploads/works/work_009.png', 'image/png', 200000, 512, 512, 0),
  (10, '/uploads/works/work_010.png', 'image/png', 200000, 512, 512, 0),
  (11, '/uploads/works/work_011.png', 'image/png', 200000, 512, 512, 0),
  (12, '/uploads/works/work_012.png', 'image/png', 200000, 512, 512, 0),
  (13, '/uploads/works/work_013.png', 'image/png', 200000, 512, 512, 0),
  (14, '/uploads/works/work_014.png', 'image/png', 200000, 512, 512, 0),
  (15, '/uploads/works/work_015.png', 'image/png', 200000, 512, 512, 0),
  (16, '/uploads/works/work_016.png', 'image/png', 200000, 512, 512, 0),
  (17, '/uploads/works/work_017.png', 'image/png', 200000, 512, 512, 0),
  (18, '/uploads/works/work_018.png', 'image/png', 200000, 512, 512, 0),
  (19, '/uploads/works/work_019.png', 'image/png', 200000, 512, 512, 0),
  (20, '/uploads/works/work_020.png', 'image/png', 200000, 512, 512, 0),
  (21, '/uploads/works/work_021.png', 'image/png', 200000, 512, 512, 0),
  (22, '/uploads/works/work_022.png', 'image/png', 200000, 512, 512, 0),
  (23, '/uploads/works/work_023.png', 'image/png', 200000, 512, 512, 0),
  (24, '/uploads/works/work_024.png', 'image/png', 200000, 512, 512, 0),
  (25, '/uploads/works/work_025.png', 'image/png', 200000, 512, 512, 0),
  (26, '/uploads/works/work_026.png', 'image/png', 200000, 512, 512, 0),
  (27, '/uploads/works/work_027.png', 'image/png', 200000, 512, 512, 0),
  (28, '/uploads/works/work_028.png', 'image/png', 200000, 512, 512, 0),
  (29, '/uploads/works/work_029.png', 'image/png', 200000, 512, 512, 0),
  (30, '/uploads/works/work_030.png', 'image/png', 200000, 512, 512, 0),
  (31, '/uploads/works/work_031.png', 'image/png', 200000, 512, 512, 0),
  (32, '/uploads/works/work_032.png', 'image/png', 200000, 512, 512, 0),
  (33, '/uploads/works/work_033.png', 'image/png', 200000, 512, 512, 0),
  (34, '/uploads/works/work_034.png', 'image/png', 200000, 512, 512, 0),
  (35, '/uploads/works/work_035.png', 'image/png', 200000, 512, 512, 0),
  (36, '/uploads/works/work_036.png', 'image/png', 200000, 512, 512, 0),
  (37, '/uploads/works/work_037.png', 'image/png', 200000, 512, 512, 0),
  (38, '/uploads/works/work_038.png', 'image/png', 200000, 512, 512, 0),
  (39, '/uploads/works/work_039.png', 'image/png', 200000, 512, 512, 0),
  (40, '/uploads/works/work_040.png', 'image/png', 200000, 512, 512, 0),
  (41, '/uploads/works/work_041.png', 'image/png', 200000, 512, 512, 0),
  (42, '/uploads/works/work_042.png', 'image/png', 200000, 512, 512, 0),
  (43, '/uploads/works/work_043.png', 'image/png', 200000, 512, 512, 0),
  (44, '/uploads/works/work_044.png', 'image/png', 200000, 512, 512, 0),
  (45, '/uploads/works/work_045.png', 'image/png', 200000, 512, 512, 0),
  (46, '/uploads/works/work_046.png', 'image/png', 200000, 512, 512, 0),
  (47, '/uploads/works/work_047.png', 'image/png', 200000, 512, 512, 0),
  (48, '/uploads/works/work_048.png', 'image/png', 200000, 512, 512, 0),
  (49, '/uploads/works/work_049.png', 'image/png', 200000, 512, 512, 0),
  (50, '/uploads/works/work_050.png', 'image/png', 200000, 512, 512, 0),
  (51, '/uploads/works/work_051.png', 'image/png', 200000, 512, 512, 0),
  (52, '/uploads/works/work_052.png', 'image/png', 200000, 512, 512, 0),
  (53, '/uploads/works/work_053.png', 'image/png', 200000, 512, 512, 0),
  (54, '/uploads/works/work_054.png', 'image/png', 200000, 512, 512, 0),
  (55, '/uploads/works/work_055.png', 'image/png', 200000, 512, 512, 0),
  (56, '/uploads/works/work_056.png', 'image/png', 200000, 512, 512, 0),
  (57, '/uploads/works/work_057.png', 'image/png', 200000, 512, 512, 0),
  (58, '/uploads/works/work_058.png', 'image/png', 200000, 512, 512, 0),
  (59, '/uploads/works/work_059.png', 'image/png', 200000, 512, 512, 0),
  (60, '/uploads/works/work_060.png', 'image/png', 200000, 512, 512, 0),
  (61, '/uploads/works/work_061.png', 'image/png', 200000, 512, 512, 0),
  (62, '/uploads/works/work_062.png', 'image/png', 200000, 512, 512, 0),
  (63, '/uploads/works/work_063.png', 'image/png', 200000, 512, 512, 0),
  (64, '/uploads/works/work_064.png', 'image/png', 200000, 512, 512, 0),
  (65, '/uploads/works/work_065.png', 'image/png', 200000, 512, 512, 0),
  (66, '/uploads/works/work_066.png', 'image/png', 200000, 512, 512, 0),
  (67, '/uploads/works/work_067.png', 'image/png', 200000, 512, 512, 0),
  (68, '/uploads/works/work_068.png', 'image/png', 200000, 512, 512, 0),
  (69, '/uploads/works/work_069.png', 'image/png', 200000, 512, 512, 0),
  (70, '/uploads/works/work_070.png', 'image/png', 200000, 512, 512, 0),
  (71, '/uploads/works/work_071.png', 'image/png', 200000, 512, 512, 0),
  (72, '/uploads/works/work_072.png', 'image/png', 200000, 512, 512, 0),
  (73, '/uploads/works/work_073.png', 'image/png', 200000, 512, 512, 0),
  (74, '/uploads/works/work_074.png', 'image/png', 200000, 512, 512, 0),
  (75, '/uploads/works/work_075.png', 'image/png', 200000, 512, 512, 0),
  (76, '/uploads/works/work_076.png', 'image/png', 200000, 512, 512, 0),
  (77, '/uploads/works/work_077.png', 'image/png', 200000, 512, 512, 0),
  (78, '/uploads/works/work_078.png', 'image/png', 200000, 512, 512, 0),
  (79, '/uploads/works/work_079.png', 'image/png', 200000, 512, 512, 0),
  (80, '/uploads/works/work_080.png', 'image/png', 200000, 512, 512, 0),
  (81, '/uploads/works/work_081.png', 'image/png', 200000, 512, 512, 0),
  (82, '/uploads/works/work_082.png', 'image/png', 200000, 512, 512, 0),
  (83, '/uploads/works/work_083.png', 'image/png', 200000, 512, 512, 0),
  (84, '/uploads/works/work_084.png', 'image/png', 200000, 512, 512, 0),
  (85, '/uploads/works/work_085.png', 'image/png', 200000, 512, 512, 0),
  (86, '/uploads/works/work_086.png', 'image/png', 200000, 512, 512, 0),
  (87, '/uploads/works/work_087.png', 'image/png', 200000, 512, 512, 0),
  (88, '/uploads/works/work_088.png', 'image/png', 200000, 512, 512, 0),
  (89, '/uploads/works/work_089.png', 'image/png', 200000, 512, 512, 0),
  (90, '/uploads/works/work_090.png', 'image/png', 200000, 512, 512, 0),
  (91, '/uploads/works/work_091.png', 'image/png', 200000, 512, 512, 0),
  (92, '/uploads/works/work_092.png', 'image/png', 200000, 512, 512, 0),
  (93, '/uploads/works/work_093.png', 'image/png', 200000, 512, 512, 0),
  (94, '/uploads/works/work_094.png', 'image/png', 200000, 512, 512, 0),
  (95, '/uploads/works/work_095.png', 'image/png', 200000, 512, 512, 0),
  (96, '/uploads/works/work_096.png', 'image/png', 200000, 512, 512, 0),
  (97, '/uploads/works/work_097.png', 'image/png', 200000, 512, 512, 0),
  (98, '/uploads/works/work_098.png', 'image/png', 200000, 512, 512, 0),
  (99, '/uploads/works/work_099.png', 'image/png', 200000, 512, 512, 0),
  (100, '/uploads/works/work_100.png', 'image/png', 200000, 512, 512, 0),
  (101, '/uploads/works/work_101.png', 'image/png', 200000, 512, 512, 0),
  (102, '/uploads/works/work_102.png', 'image/png', 200000, 512, 512, 0),
  (103, '/uploads/works/work_103.png', 'image/png', 200000, 512, 512, 0),
  (104, '/uploads/works/work_104.png', 'image/png', 200000, 512, 512, 0),
  (105, '/uploads/works/work_105.png', 'image/png', 200000, 512, 512, 0),
  (106, '/uploads/works/work_106.png', 'image/png', 200000, 512, 512, 0),
  (107, '/uploads/works/work_107.png', 'image/png', 200000, 512, 512, 0),
  (108, '/uploads/works/work_108.png', 'image/png', 200000, 512, 512, 0),
  (109, '/uploads/works/work_109.png', 'image/png', 200000, 512, 512, 0),
  (110, '/uploads/works/work_110.png', 'image/png', 200000, 512, 512, 0),
  (111, '/uploads/works/work_111.png', 'image/png', 200000, 512, 512, 0),
  (112, '/uploads/works/work_112.png', 'image/png', 200000, 512, 512, 0),
  (113, '/uploads/works/work_113.png', 'image/png', 200000, 512, 512, 0),
  (114, '/uploads/works/work_114.png', 'image/png', 200000, 512, 512, 0),
  (115, '/uploads/works/work_115.png', 'image/png', 200000, 512, 512, 0),
  (116, '/uploads/works/work_116.png', 'image/png', 200000, 512, 512, 0),
  (117, '/uploads/works/work_117.png', 'image/png', 200000, 512, 512, 0),
  (118, '/uploads/works/work_118.png', 'image/png', 200000, 512, 512, 0),
  (119, '/uploads/works/work_119.png', 'image/png', 200000, 512, 512, 0),
  (120, '/uploads/works/work_120.png', 'image/png', 200000, 512, 512, 0),
  (121, '/uploads/works/work_121.png', 'image/png', 200000, 512, 512, 0),
  (122, '/uploads/works/work_122.png', 'image/png', 200000, 512, 512, 0),
  (123, '/uploads/works/work_123.png', 'image/png', 200000, 512, 512, 0),
  (124, '/uploads/works/work_124.png', 'image/png', 200000, 512, 512, 0),
  (125, '/uploads/works/work_125.png', 'image/png', 200000, 512, 512, 0),
  (126, '/uploads/works/work_126.png', 'image/png', 200000, 512, 512, 0),
  (127, '/uploads/works/work_127.png', 'image/png', 200000, 512, 512, 0),
  (128, '/uploads/works/work_128.png', 'image/png', 200000, 512, 512, 0),
  (129, '/uploads/works/work_129.png', 'image/png', 200000, 512, 512, 0),
  (130, '/uploads/works/work_130.png', 'image/png', 200000, 512, 512, 0),
  (131, '/uploads/works/work_131.png', 'image/png', 200000, 512, 512, 0),
  (132, '/uploads/works/work_132.png', 'image/png', 200000, 512, 512, 0),
  (133, '/uploads/works/work_133.png', 'image/png', 200000, 512, 512, 0),
  (134, '/uploads/works/work_134.png', 'image/png', 200000, 512, 512, 0),
  (135, '/uploads/works/work_135.png', 'image/png', 200000, 512, 512, 0),
  (136, '/uploads/works/work_136.png', 'image/png', 200000, 512, 512, 0),
  (137, '/uploads/works/work_137.png', 'image/png', 200000, 512, 512, 0),
  (138, '/uploads/works/work_138.png', 'image/png', 200000, 512, 512, 0),
  (139, '/uploads/works/work_139.png', 'image/png', 200000, 512, 512, 0),
  (140, '/uploads/works/work_140.png', 'image/png', 200000, 512, 512, 0),
  (141, '/uploads/works/work_141.png', 'image/png', 200000, 512, 512, 0),
  (142, '/uploads/works/work_142.png', 'image/png', 200000, 512, 512, 0),
  (143, '/uploads/works/work_143.png', 'image/png', 200000, 512, 512, 0),
  (144, '/uploads/works/work_144.png', 'image/png', 200000, 512, 512, 0),
  (145, '/uploads/works/work_145.png', 'image/png', 200000, 512, 512, 0),
  (146, '/uploads/works/work_146.png', 'image/png', 200000, 512, 512, 0),
  (147, '/uploads/works/work_147.png', 'image/png', 200000, 512, 512, 0),
  (148, '/uploads/works/work_148.png', 'image/png', 200000, 512, 512, 0),
  (149, '/uploads/works/work_149.png', 'image/png', 200000, 512, 512, 0),
  (150, '/uploads/works/work_150.png', 'image/png', 200000, 512, 512, 0),
  (151, '/uploads/works/work_151.png', 'image/png', 200000, 512, 512, 0),
  (152, '/uploads/works/work_152.png', 'image/png', 200000, 512, 512, 0),
  (153, '/uploads/works/work_153.png', 'image/png', 200000, 512, 512, 0),
  (154, '/uploads/works/work_154.png', 'image/png', 200000, 512, 512, 0),
  (155, '/uploads/works/work_155.png', 'image/png', 200000, 512, 512, 0),
  (156, '/uploads/works/work_156.png', 'image/png', 200000, 512, 512, 0),
  (157, '/uploads/works/work_157.png', 'image/png', 200000, 512, 512, 0),
  (158, '/uploads/works/work_158.png', 'image/png', 200000, 512, 512, 0),
  (159, '/uploads/works/work_159.png', 'image/png', 200000, 512, 512, 0),
  (160, '/uploads/works/work_160.png', 'image/png', 200000, 512, 512, 0),
  (161, '/uploads/works/work_161.png', 'image/png', 200000, 512, 512, 0),
  (162, '/uploads/works/work_162.png', 'image/png', 200000, 512, 512, 0),
  (163, '/uploads/works/work_163.png', 'image/png', 200000, 512, 512, 0),
  (164, '/uploads/works/work_164.png', 'image/png', 200000, 512, 512, 0),
  (165, '/uploads/works/work_165.png', 'image/png', 200000, 512, 512, 0),
  (166, '/uploads/works/work_166.png', 'image/png', 200000, 512, 512, 0),
  (167, '/uploads/works/work_167.png', 'image/png', 200000, 512, 512, 0),
  (168, '/uploads/works/work_168.png', 'image/png', 200000, 512, 512, 0),
  (169, '/uploads/works/work_169.png', 'image/png', 200000, 512, 512, 0),
  (170, '/uploads/works/work_170.png', 'image/png', 200000, 512, 512, 0),
  (171, '/uploads/works/work_171.png', 'image/png', 200000, 512, 512, 0),
  (172, '/uploads/works/work_172.png', 'image/png', 200000, 512, 512, 0),
  (173, '/uploads/works/work_173.png', 'image/png', 200000, 512, 512, 0),
  (174, '/uploads/works/work_174.png', 'image/png', 200000, 512, 512, 0),
  (175, '/uploads/works/work_175.png', 'image/png', 200000, 512, 512, 0),
  (176, '/uploads/works/work_176.png', 'image/png', 200000, 512, 512, 0),
  (177, '/uploads/works/work_177.png', 'image/png', 200000, 512, 512, 0),
  (178, '/uploads/works/work_178.png', 'image/png', 200000, 512, 512, 0),
  (179, '/uploads/works/work_179.png', 'image/png', 200000, 512, 512, 0),
  (180, '/uploads/works/work_180.png', 'image/png', 200000, 512, 512, 0),
  (181, '/uploads/works/work_181.png', 'image/png', 200000, 512, 512, 0),
  (182, '/uploads/works/work_182.png', 'image/png', 200000, 512, 512, 0),
  (183, '/uploads/works/work_183.png', 'image/png', 200000, 512, 512, 0),
  (184, '/uploads/works/work_184.png', 'image/png', 200000, 512, 512, 0),
  (185, '/uploads/works/work_185.png', 'image/png', 200000, 512, 512, 0),
  (186, '/uploads/works/work_186.png', 'image/png', 200000, 512, 512, 0),
  (187, '/uploads/works/work_187.png', 'image/png', 200000, 512, 512, 0),
  (188, '/uploads/works/work_188.png', 'image/png', 200000, 512, 512, 0),
  (189, '/uploads/works/work_189.png', 'image/png', 200000, 512, 512, 0),
  (190, '/uploads/works/work_190.png', 'image/png', 200000, 512, 512, 0),
  (191, '/uploads/works/work_191.png', 'image/png', 200000, 512, 512, 0),
  (192, '/uploads/works/work_192.png', 'image/png', 200000, 512, 512, 0),
  (193, '/uploads/works/work_193.png', 'image/png', 200000, 512, 512, 0),
  (194, '/uploads/works/work_194.png', 'image/png', 200000, 512, 512, 0),
  (195, '/uploads/works/work_195.png', 'image/png', 200000, 512, 512, 0),
  (196, '/uploads/works/work_196.png', 'image/png', 200000, 512, 512, 0),
  (197, '/uploads/works/work_197.png', 'image/png', 200000, 512, 512, 0),
  (198, '/uploads/works/work_198.png', 'image/png', 200000, 512, 512, 0),
  (199, '/uploads/works/work_199.png', 'image/png', 200000, 512, 512, 0),
  (200, '/uploads/works/work_200.png', 'image/png', 200000, 512, 512, 0);

-- 4. 작품-태그 매핑
insert into tbl_work_tag (work_id, tag_id) values
  (1, 18),
  (1, 19),
  (1, 33),
  (1, 9),
  (1, 3),
  (2, 65),
  (2, 37),
  (2, 56),
  (2, 63),
  (3, 35),
  (3, 46),
  (3, 2),
  (3, 54),
  (4, 58),
  (4, 23),
  (4, 27),
  (4, 38),
  (4, 11),
  (5, 1),
  (5, 28),
  (5, 36),
  (5, 24),
  (6, 13),
  (6, 39),
  (6, 45),
  (6, 20),
  (7, 49),
  (7, 22),
  (7, 52),
  (8, 5),
  (8, 6),
  (8, 10),
  (8, 21),
  (8, 43),
  (9, 44),
  (9, 31),
  (9, 17),
  (9, 32),
  (10, 57),
  (10, 48),
  (10, 62),
  (10, 47),
  (10, 55),
  (11, 60),
  (11, 61),
  (11, 53),
  (11, 25),
  (12, 7),
  (12, 67),
  (12, 51),
  (13, 19),
  (13, 18),
  (13, 40),
  (14, 65),
  (14, 37),
  (14, 8),
  (14, 63),
  (14, 15),
  (15, 54),
  (15, 29),
  (15, 2),
  (16, 27),
  (16, 14),
  (16, 58),
  (16, 11),
  (17, 50),
  (17, 36),
  (17, 1),
  (17, 24),
  (18, 39),
  (18, 20),
  (18, 13),
  (18, 45),
  (19, 26),
  (19, 49),
  (19, 22),
  (19, 59),
  (20, 43),
  (20, 10),
  (20, 5),
  (20, 6),
  (20, 21),
  (21, 32),
  (21, 31),
  (21, 44),
  (21, 17),
  (22, 57),
  (22, 62),
  (22, 55),
  (22, 48),
  (22, 47),
  (23, 53),
  (23, 41),
  (23, 61),
  (23, 60),
  (24, 51),
  (24, 4),
  (24, 67),
  (25, 3),
  (25, 18),
  (25, 9),
  (25, 40),
  (25, 19),
  (26, 15),
  (26, 65),
  (26, 63),
  (26, 8),
  (27, 46),
  (27, 55),
  (27, 2),
  (27, 54),
  (27, 29),
  (28, 38),
  (28, 27),
  (28, 23),
  (29, 24),
  (29, 28),
  (29, 1),
  (29, 16),
  (30, 45),
  (30, 13),
  (30, 20),
  (30, 39),
  (31, 49),
  (31, 52),
  (31, 26),
  (31, 66),
  (32, 5),
  (32, 6),
  (32, 21),
  (33, 44),
  (33, 31),
  (33, 34),
  (34, 62),
  (34, 47),
  (34, 57),
  (35, 61),
  (35, 25),
  (35, 53),
  (35, 60),
  (35, 41),
  (36, 4),
  (36, 64),
  (36, 42),
  (37, 9),
  (37, 18),
  (37, 19),
  (37, 33),
  (38, 15),
  (38, 63),
  (38, 37),
  (38, 56),
  (39, 46),
  (39, 54),
  (39, 29),
  (40, 11),
  (40, 23),
  (40, 14),
  (40, 38),
  (40, 27),
  (41, 36),
  (41, 24),
  (41, 16),
  (41, 28),
  (42, 39),
  (42, 45),
  (42, 13),
  (43, 22),
  (43, 49),
  (43, 66),
  (43, 52),
  (43, 26),
  (44, 10),
  (44, 43),
  (44, 21),
  (45, 32),
  (45, 34),
  (45, 31),
  (45, 44),
  (46, 48),
  (46, 47),
  (46, 55),
  (47, 41),
  (47, 60),
  (47, 25),
  (48, 64),
  (48, 7),
  (48, 67),
  (48, 4),
  (48, 42),
  (49, 18),
  (49, 19),
  (49, 33),
  (49, 3),
  (50, 63),
  (50, 65),
  (50, 30),
  (50, 15),
  (51, 55),
  (51, 2),
  (51, 54),
  (52, 27),
  (52, 11),
  (52, 23),
  (53, 50),
  (53, 16),
  (53, 24),
  (53, 28),
  (54, 39),
  (54, 13),
  (54, 45),
  (54, 20),
  (55, 59),
  (55, 22),
  (55, 52),
  (55, 49),
  (55, 26),
  (56, 12),
  (56, 5),
  (56, 21),
  (56, 10),
  (56, 6),
  (57, 31),
  (57, 34),
  (57, 17),
  (57, 32),
  (58, 57),
  (58, 47),
  (58, 55),
  (58, 48),
  (58, 62),
  (59, 25),
  (59, 60),
  (59, 61),
  (60, 7),
  (60, 67),
  (60, 64),
  (60, 51),
  (60, 4),
  (61, 40),
  (61, 19),
  (61, 3),
  (61, 33),
  (61, 18),
  (62, 8),
  (62, 30),
  (62, 37),
  (63, 46),
  (63, 54),
  (63, 2),
  (64, 11),
  (64, 23),
  (64, 14),
  (64, 38),
  (64, 27),
  (65, 50),
  (65, 16),
  (65, 24),
  (65, 1),
  (65, 28),
  (66, 39),
  (66, 20),
  (66, 45),
  (67, 49),
  (67, 66),
  (67, 22),
  (67, 26),
  (68, 10),
  (68, 12),
  (68, 6),
  (68, 21),
  (68, 43),
  (69, 44),
  (69, 34),
  (69, 17),
  (69, 31),
  (69, 32),
  (70, 47),
  (70, 55),
  (70, 57),
  (71, 25),
  (71, 61),
  (71, 53),
  (72, 4),
  (72, 7),
  (72, 67),
  (72, 64),
  (73, 18),
  (73, 40),
  (73, 33),
  (73, 19),
  (74, 56),
  (74, 63),
  (74, 37),
  (75, 35),
  (75, 46),
  (75, 55),
  (75, 2),
  (76, 23),
  (76, 58),
  (76, 38),
  (76, 14),
  (76, 11),
  (77, 24),
  (77, 1),
  (77, 36),
  (77, 16),
  (78, 20),
  (78, 13),
  (78, 39),
  (78, 45),
  (79, 52),
  (79, 22),
  (79, 59),
  (79, 66),
  (80, 6),
  (80, 21),
  (80, 12),
  (81, 31),
  (81, 44),
  (81, 17),
  (82, 48),
  (82, 62),
  (82, 47),
  (82, 57),
  (82, 55),
  (83, 53),
  (83, 60),
  (83, 61),
  (83, 25),
  (83, 41),
  (84, 51),
  (84, 42),
  (84, 7),
  (84, 67),
  (85, 33),
  (85, 18),
  (85, 3),
  (85, 9),
  (85, 40),
  (86, 63),
  (86, 8),
  (86, 56),
  (86, 15),
  (86, 30),
  (87, 46),
  (87, 29),
  (87, 54),
  (87, 55),
  (87, 2),
  (88, 23),
  (88, 27),
  (88, 58),
  (89, 1),
  (89, 50),
  (89, 16),
  (90, 39),
  (90, 20),
  (90, 45),
  (91, 26),
  (91, 22),
  (91, 66),
  (92, 6),
  (92, 43),
  (92, 21),
  (93, 32),
  (93, 34),
  (93, 17),
  (94, 62),
  (94, 55),
  (94, 57),
  (94, 48),
  (94, 47),
  (95, 53),
  (95, 60),
  (95, 61),
  (95, 41),
  (95, 25),
  (96, 64),
  (96, 4),
  (96, 7),
  (97, 19),
  (97, 40),
  (97, 9),
  (97, 18),
  (98, 37),
  (98, 63),
  (98, 15),
  (99, 55),
  (99, 2),
  (99, 46),
  (100, 27),
  (100, 11),
  (100, 14),
  (100, 58),
  (100, 23),
  (101, 50),
  (101, 1),
  (101, 28),
  (101, 24),
  (101, 36),
  (102, 20),
  (102, 39),
  (102, 13),
  (102, 45),
  (103, 22),
  (103, 49),
  (103, 59),
  (103, 66),
  (104, 21),
  (104, 12),
  (104, 43),
  (104, 6),
  (104, 10),
  (105, 17),
  (105, 34),
  (105, 32),
  (106, 57),
  (106, 55),
  (106, 48),
  (106, 47),
  (106, 62),
  (107, 41),
  (107, 53),
  (107, 60),
  (107, 61),
  (107, 25),
  (108, 64),
  (108, 4),
  (108, 67),
  (109, 9),
  (109, 19),
  (109, 33),
  (109, 40),
  (109, 18),
  (110, 56),
  (110, 8),
  (110, 37),
  (110, 63),
  (111, 2),
  (111, 55),
  (111, 35),
  (111, 29),
  (111, 54),
  (112, 58),
  (112, 23),
  (112, 14),
  (112, 38),
  (112, 27),
  (113, 36),
  (113, 24),
  (113, 16),
  (114, 20),
  (114, 45),
  (114, 13),
  (114, 39),
  (115, 59),
  (115, 52),
  (115, 26),
  (115, 66),
  (116, 21),
  (116, 10),
  (116, 6),
  (117, 44),
  (117, 32),
  (117, 31),
  (117, 34),
  (118, 55),
  (118, 57),
  (118, 62),
  (119, 25),
  (119, 41),
  (119, 61),
  (120, 42),
  (120, 7),
  (120, 51),
  (121, 18),
  (121, 40),
  (121, 9),
  (122, 8),
  (122, 30),
  (122, 63),
  (122, 65),
  (123, 2),
  (123, 54),
  (123, 29),
  (123, 46),
  (124, 58),
  (124, 27),
  (124, 38),
  (124, 11),
  (124, 23),
  (125, 36),
  (125, 28),
  (125, 24),
  (126, 13),
  (126, 39),
  (126, 20),
  (126, 45),
  (127, 66),
  (127, 59),
  (127, 52),
  (127, 26),
  (128, 21),
  (128, 12),
  (128, 43),
  (129, 44),
  (129, 34),
  (129, 31),
  (129, 17),
  (130, 55),
  (130, 57),
  (130, 62),
  (131, 60),
  (131, 41),
  (131, 61),
  (131, 25),
  (131, 53),
  (132, 51),
  (132, 7),
  (132, 67),
  (133, 33),
  (133, 40),
  (133, 19),
  (133, 9),
  (134, 8),
  (134, 30),
  (134, 63),
  (134, 37),
  (135, 54),
  (135, 55),
  (135, 2),
  (135, 29),
  (135, 35),
  (136, 58),
  (136, 38),
  (136, 11),
  (137, 36),
  (137, 50),
  (137, 24),
  (137, 16),
  (137, 28),
  (138, 39),
  (138, 20),
  (138, 45),
  (138, 13),
  (139, 22),
  (139, 59),
  (139, 66),
  (139, 26),
  (139, 52),
  (140, 21),
  (140, 10),
  (140, 12),
  (140, 43),
  (140, 6),
  (141, 34),
  (141, 17),
  (141, 31),
  (141, 44),
  (141, 32),
  (142, 55),
  (142, 57),
  (142, 62),
  (143, 60),
  (143, 25),
  (143, 53),
  (143, 41),
  (144, 67),
  (144, 42),
  (144, 51),
  (144, 64),
  (144, 7),
  (145, 9),
  (145, 40),
  (145, 18),
  (145, 19),
  (146, 30),
  (146, 15),
  (146, 37),
  (146, 56),
  (147, 55),
  (147, 46),
  (147, 2),
  (147, 35),
  (147, 54),
  (148, 58),
  (148, 23),
  (148, 11),
  (149, 50),
  (149, 28),
  (149, 1),
  (149, 36),
  (149, 24),
  (150, 13),
  (150, 39),
  (150, 45),
  (151, 26),
  (151, 66),
  (151, 22),
  (151, 52),
  (151, 49),
  (152, 43),
  (152, 5),
  (152, 21),
  (152, 6),
  (152, 12),
  (153, 32),
  (153, 44),
  (153, 31),
  (153, 17),
  (153, 34),
  (154, 55),
  (154, 62),
  (154, 57),
  (154, 47),
  (154, 48),
  (155, 41),
  (155, 53),
  (155, 60),
  (155, 25),
  (155, 61),
  (156, 7),
  (156, 4),
  (156, 51),
  (156, 42),
  (157, 19),
  (157, 33),
  (157, 3),
  (157, 9),
  (157, 40),
  (158, 63),
  (158, 30),
  (158, 56),
  (159, 54),
  (159, 55),
  (159, 29),
  (159, 46),
  (159, 35),
  (160, 23),
  (160, 27),
  (160, 38),
  (160, 14),
  (161, 24),
  (161, 36),
  (161, 50),
  (161, 16),
  (161, 1),
  (162, 20),
  (162, 39),
  (162, 45),
  (162, 13),
  (163, 59),
  (163, 52),
  (163, 49),
  (164, 10),
  (164, 6),
  (164, 43),
  (164, 21),
  (164, 5),
  (165, 44),
  (165, 31),
  (165, 17),
  (165, 34),
  (165, 32),
  (166, 48),
  (166, 57),
  (166, 47),
  (166, 55),
  (167, 53),
  (167, 41),
  (167, 60),
  (168, 4),
  (168, 67),
  (168, 64),
  (168, 7),
  (169, 33),
  (169, 18),
  (169, 40),
  (170, 63),
  (170, 15),
  (170, 65),
  (170, 37),
  (170, 56),
  (171, 29),
  (171, 55),
  (171, 54),
  (171, 46),
  (172, 38),
  (172, 27),
  (172, 58),
  (173, 24),
  (173, 1),
  (173, 16),
  (173, 36),
  (174, 20),
  (174, 39),
  (174, 13),
  (174, 45),
  (175, 52),
  (175, 22),
  (175, 26),
  (176, 21),
  (176, 12),
  (176, 5),
  (176, 43),
  (176, 10),
  (177, 32),
  (177, 34),
  (177, 17),
  (178, 62),
  (178, 47),
  (178, 48),
  (178, 55),
  (179, 53),
  (179, 41),
  (179, 25),
  (179, 61),
  (179, 60),
  (180, 51),
  (180, 64),
  (180, 67),
  (180, 42),
  (181, 3),
  (181, 18),
  (181, 33),
  (181, 19),
  (182, 8),
  (182, 15),
  (182, 30),
  (183, 2),
  (183, 29),
  (183, 46),
  (183, 54),
  (184, 38),
  (184, 23),
  (184, 58),
  (184, 27),
  (184, 14),
  (185, 28),
  (185, 24),
  (185, 16),
  (185, 36),
  (186, 20),
  (186, 13),
  (186, 45),
  (187, 52),
  (187, 22),
  (187, 49),
  (187, 59),
  (188, 12),
  (188, 43),
  (188, 5),
  (188, 6),
  (189, 32),
  (189, 31),
  (189, 44),
  (190, 47),
  (190, 62),
  (190, 55),
  (191, 41),
  (191, 53),
  (191, 60),
  (191, 25),
  (192, 67),
  (192, 4),
  (192, 7),
  (192, 42),
  (193, 40),
  (193, 3),
  (193, 18),
  (194, 30),
  (194, 37),
  (194, 56),
  (194, 8),
  (194, 63),
  (195, 46),
  (195, 29),
  (195, 35),
  (195, 54),
  (196, 23),
  (196, 14),
  (196, 11),
  (197, 36),
  (197, 28),
  (197, 24),
  (198, 45),
  (198, 13),
  (198, 39),
  (199, 52),
  (199, 49),
  (199, 22),
  (199, 26),
  (199, 59),
  (200, 10),
  (200, 6),
  (200, 43),
  (200, 21)
 on conflict (work_id, tag_id) do nothing;

-- 5. 갤러리 (30개)
insert into tbl_gallery (id, member_id, title, description, cover_image, work_count, view_count, like_count, comment_count, status) overriding system value values
  (1, 26, '오늘의 컬렉션 1', '큐레이션 1: 감정 중심 모음', '/uploads/works/work_056.png', 5, 1195, 151, 20, 'EXHIBITING'),
  (2, 39, '오늘의 컬렉션 2', '큐레이션 2: 감정 중심 모음', '/uploads/works/work_063.png', 11, 3456, 33, 30, 'EXHIBITING'),
  (3, 7, '감각적인 컬렉션 3', '큐레이션 3: 감정 중심 모음', '/uploads/works/work_038.png', 8, 4950, 19, 9, 'EXHIBITING'),
  (4, 46, '선명한 컬렉션 4', '큐레이션 4: 주제 중심 모음', '/uploads/works/work_142.png', 13, 252, 15, 16, 'EXHIBITING'),
  (5, 28, '조용한 컬렉션 5', '큐레이션 5: 분위기 중심 모음', '/uploads/works/work_134.png', 15, 4043, 112, 13, 'EXHIBITING'),
  (6, 98, '선명한 컬렉션 6', '큐레이션 6: 감정 중심 모음', '/uploads/works/work_010.png', 13, 2238, 187, 4, 'EXHIBITING'),
  (7, 19, '추천 컬렉션 7', '큐레이션 7: 분위기 중심 모음', '/uploads/works/work_024.png', 8, 1643, 34, 13, 'EXHIBITING'),
  (8, 73, '나의 컬렉션 8', '큐레이션 8: 색감 중심 모음', '/uploads/works/work_107.png', 8, 2225, 9, 23, 'EXHIBITING'),
  (9, 62, '나의 컬렉션 9', '큐레이션 9: 감정 중심 모음', '/uploads/works/work_057.png', 6, 3098, 87, 27, 'EXHIBITING'),
  (10, 61, '오늘의 컬렉션 10', '큐레이션 10: 주제 중심 모음', '/uploads/works/work_148.png', 9, 2059, 152, 7, 'EXHIBITING'),
  (11, 3, '나의 컬렉션 11', '큐레이션 11: 색감 중심 모음', '/uploads/works/work_124.png', 11, 1881, 142, 27, 'EXHIBITING'),
  (12, 29, '선명한 컬렉션 12', '큐레이션 12: 감정 중심 모음', '/uploads/works/work_119.png', 8, 4691, 107, 10, 'EXHIBITING'),
  (13, 39, '추천 컬렉션 13', '큐레이션 13: 분위기 중심 모음', '/uploads/works/work_063.png', 6, 3375, 111, 26, 'EXHIBITING'),
  (14, 56, '오늘의 컬렉션 14', '큐레이션 14: 감정 중심 모음', '/uploads/works/work_107.png', 7, 3296, 125, 18, 'EXHIBITING'),
  (15, 28, '감각적인 컬렉션 15', '큐레이션 15: 분위기 중심 모음', '/uploads/works/work_111.png', 11, 722, 25, 2, 'EXHIBITING'),
  (16, 95, '선명한 컬렉션 16', '큐레이션 16: 색감 중심 모음', '/uploads/works/work_039.png', 5, 67, 13, 15, 'EXHIBITING'),
  (17, 23, '선명한 컬렉션 17', '큐레이션 17: 주제 중심 모음', '/uploads/works/work_035.png', 5, 4735, 170, 2, 'EXHIBITING'),
  (18, 6, '조용한 컬렉션 18', '큐레이션 18: 분위기 중심 모음', '/uploads/works/work_080.png', 7, 1442, 49, 28, 'EXHIBITING'),
  (19, 51, '조용한 컬렉션 19', '큐레이션 19: 주제 중심 모음', '/uploads/works/work_028.png', 12, 4267, 40, 3, 'EXHIBITING'),
  (20, 64, '추천 컬렉션 20', '큐레이션 20: 감정 중심 모음', '/uploads/works/work_058.png', 14, 1976, 107, 25, 'EXHIBITING'),
  (21, 40, '오늘의 컬렉션 21', '큐레이션 21: 색감 중심 모음', '/uploads/works/work_084.png', 15, 651, 185, 9, 'EXHIBITING'),
  (22, 99, '선명한 컬렉션 22', '큐레이션 22: 주제 중심 모음', '/uploads/works/work_177.png', 10, 1768, 181, 28, 'EXHIBITING'),
  (23, 61, '선명한 컬렉션 23', '큐레이션 23: 주제 중심 모음', '/uploads/works/work_009.png', 15, 1138, 115, 26, 'EXHIBITING'),
  (24, 42, '감각적인 컬렉션 24', '큐레이션 24: 주제 중심 모음', '/uploads/works/work_169.png', 11, 394, 37, 28, 'EXHIBITING'),
  (25, 18, '나의 컬렉션 25', '큐레이션 25: 분위기 중심 모음', '/uploads/works/work_132.png', 8, 3005, 161, 22, 'EXHIBITING'),
  (26, 44, '선명한 컬렉션 26', '큐레이션 26: 주제 중심 모음', '/uploads/works/work_096.png', 14, 3250, 135, 28, 'EXHIBITING'),
  (27, 68, '추천 컬렉션 27', '큐레이션 27: 주제 중심 모음', '/uploads/works/work_157.png', 14, 3386, 4, 18, 'EXHIBITING'),
  (28, 81, '추천 컬렉션 28', '큐레이션 28: 색감 중심 모음', '/uploads/works/work_122.png', 6, 2218, 115, 9, 'EXHIBITING'),
  (29, 84, '추천 컬렉션 29', '큐레이션 29: 분위기 중심 모음', '/uploads/works/work_059.png', 5, 1927, 135, 1, 'EXHIBITING'),
  (30, 29, '선명한 컬렉션 30', '큐레이션 30: 주제 중심 모음', '/uploads/works/work_062.png', 12, 4967, 196, 21, 'EXHIBITING')
 on conflict (id) do nothing;
select setval(pg_get_serial_sequence('tbl_gallery', 'id'), (select coalesce(max(id), 1) from tbl_gallery));

-- 6. 갤러리-작품 매핑
insert into tbl_gallery_work (gallery_id, work_id, sort_order) values
  (1, 56, 0),
  (1, 112, 1),
  (1, 199, 2),
  (1, 164, 3),
  (1, 193, 4),
  (2, 63, 0),
  (2, 37, 1),
  (2, 5, 2),
  (2, 59, 3),
  (2, 113, 4),
  (2, 65, 5),
  (2, 125, 6),
  (2, 103, 7),
  (2, 120, 8),
  (2, 183, 9),
  (2, 96, 10),
  (3, 38, 0),
  (3, 164, 1),
  (3, 26, 2),
  (3, 76, 3),
  (3, 96, 4),
  (3, 14, 5),
  (3, 90, 6),
  (3, 120, 7),
  (4, 142, 0),
  (4, 123, 1),
  (4, 11, 2),
  (4, 18, 3),
  (4, 91, 4),
  (4, 85, 5),
  (4, 50, 6),
  (4, 80, 7),
  (4, 130, 8),
  (4, 43, 9),
  (4, 3, 10),
  (4, 26, 11),
  (4, 38, 12),
  (5, 134, 0),
  (5, 96, 1),
  (5, 7, 2),
  (5, 115, 3),
  (5, 104, 4),
  (5, 86, 5),
  (5, 157, 6),
  (5, 118, 7),
  (5, 89, 8),
  (5, 160, 9),
  (5, 84, 10),
  (5, 73, 11),
  (5, 95, 12),
  (5, 14, 13),
  (5, 133, 14),
  (6, 10, 0),
  (6, 171, 1),
  (6, 200, 2),
  (6, 141, 3),
  (6, 187, 4),
  (6, 192, 5),
  (6, 145, 6),
  (6, 130, 7),
  (6, 18, 8),
  (6, 40, 9),
  (6, 97, 10),
  (6, 85, 11),
  (6, 170, 12),
  (7, 24, 0),
  (7, 158, 1),
  (7, 99, 2),
  (7, 71, 3),
  (7, 101, 4),
  (7, 57, 5),
  (7, 11, 6),
  (7, 12, 7),
  (8, 107, 0),
  (8, 39, 1),
  (8, 110, 2),
  (8, 141, 3),
  (8, 146, 4),
  (8, 66, 5),
  (8, 54, 6),
  (8, 1, 7),
  (9, 57, 0),
  (9, 120, 1),
  (9, 43, 2),
  (9, 173, 3),
  (9, 127, 4),
  (9, 30, 5),
  (10, 148, 0),
  (10, 143, 1),
  (10, 141, 2),
  (10, 190, 3),
  (10, 85, 4),
  (10, 162, 5),
  (10, 171, 6),
  (10, 84, 7),
  (10, 135, 8),
  (11, 124, 0),
  (11, 70, 1),
  (11, 85, 2),
  (11, 131, 3),
  (11, 77, 4),
  (11, 128, 5),
  (11, 186, 6),
  (11, 104, 7),
  (11, 14, 8),
  (11, 152, 9),
  (11, 66, 10),
  (12, 119, 0),
  (12, 40, 1),
  (12, 26, 2),
  (12, 179, 3),
  (12, 139, 4),
  (12, 130, 5),
  (12, 93, 6),
  (12, 106, 7),
  (13, 63, 0),
  (13, 42, 1),
  (13, 160, 2),
  (13, 124, 3),
  (13, 170, 4),
  (13, 17, 5),
  (14, 107, 0),
  (14, 122, 1),
  (14, 8, 2),
  (14, 86, 3),
  (14, 95, 4),
  (14, 31, 5),
  (14, 79, 6),
  (15, 111, 0),
  (15, 61, 1),
  (15, 74, 2),
  (15, 63, 3),
  (15, 157, 4),
  (15, 43, 5),
  (15, 87, 6),
  (15, 41, 7),
  (15, 154, 8),
  (15, 84, 9),
  (15, 152, 10),
  (16, 39, 0),
  (16, 139, 1),
  (16, 110, 2),
  (16, 127, 3),
  (16, 24, 4),
  (17, 35, 0),
  (17, 75, 1),
  (17, 94, 2),
  (17, 174, 3),
  (17, 176, 4),
  (18, 80, 0),
  (18, 85, 1),
  (18, 26, 2),
  (18, 10, 3),
  (18, 150, 4),
  (18, 22, 5),
  (18, 11, 6),
  (19, 28, 0),
  (19, 69, 1),
  (19, 152, 2),
  (19, 75, 3),
  (19, 158, 4),
  (19, 135, 5),
  (19, 19, 6),
  (19, 157, 7),
  (19, 73, 8),
  (19, 36, 9),
  (19, 17, 10),
  (19, 119, 11),
  (20, 58, 0),
  (20, 177, 1),
  (20, 73, 2),
  (20, 9, 3),
  (20, 101, 4),
  (20, 87, 5),
  (20, 171, 6),
  (20, 42, 7),
  (20, 178, 8),
  (20, 122, 9),
  (20, 116, 10),
  (20, 92, 11),
  (20, 131, 12),
  (20, 79, 13),
  (21, 84, 0),
  (21, 54, 1),
  (21, 62, 2),
  (21, 119, 3),
  (21, 39, 4),
  (21, 181, 5),
  (21, 40, 6),
  (21, 10, 7),
  (21, 21, 8),
  (21, 16, 9),
  (21, 151, 10),
  (21, 31, 11),
  (21, 38, 12),
  (21, 28, 13),
  (21, 115, 14),
  (22, 177, 0),
  (22, 82, 1),
  (22, 149, 2),
  (22, 62, 3),
  (22, 184, 4),
  (22, 124, 5),
  (22, 112, 6),
  (22, 105, 7),
  (22, 32, 8),
  (22, 165, 9),
  (23, 9, 0),
  (23, 94, 1),
  (23, 41, 2),
  (23, 101, 3),
  (23, 50, 4),
  (23, 89, 5),
  (23, 17, 6),
  (23, 13, 7),
  (23, 65, 8),
  (23, 100, 9),
  (23, 48, 10),
  (23, 128, 11),
  (23, 119, 12),
  (23, 169, 13),
  (23, 102, 14),
  (24, 169, 0),
  (24, 81, 1),
  (24, 193, 2),
  (24, 146, 3),
  (24, 180, 4),
  (24, 48, 5),
  (24, 2, 6),
  (24, 43, 7),
  (24, 65, 8),
  (24, 107, 9),
  (24, 24, 10),
  (25, 132, 0),
  (25, 155, 1),
  (25, 127, 2),
  (25, 72, 3),
  (25, 52, 4),
  (25, 185, 5),
  (25, 47, 6),
  (25, 107, 7),
  (26, 96, 0),
  (26, 87, 1),
  (26, 1, 2),
  (26, 27, 3),
  (26, 124, 4),
  (26, 198, 5),
  (26, 129, 6),
  (26, 52, 7),
  (26, 55, 8),
  (26, 38, 9),
  (26, 86, 10),
  (26, 175, 11),
  (26, 169, 12),
  (26, 189, 13),
  (27, 157, 0),
  (27, 51, 1),
  (27, 112, 2),
  (27, 198, 3),
  (27, 188, 4),
  (27, 11, 5),
  (27, 117, 6),
  (27, 185, 7),
  (27, 152, 8),
  (27, 141, 9),
  (27, 75, 10),
  (27, 138, 11),
  (27, 194, 12),
  (27, 12, 13),
  (28, 122, 0),
  (28, 107, 1),
  (28, 119, 2),
  (28, 156, 3),
  (28, 147, 4),
  (28, 60, 5),
  (29, 59, 0),
  (29, 172, 1),
  (29, 149, 2),
  (29, 66, 3),
  (29, 102, 4),
  (30, 62, 0),
  (30, 102, 1),
  (30, 1, 2),
  (30, 111, 3),
  (30, 13, 4),
  (30, 20, 5),
  (30, 71, 6),
  (30, 138, 7),
  (30, 140, 8),
  (30, 107, 9),
  (30, 5, 10),
  (30, 129, 11)
 on conflict (gallery_id, work_id) do nothing;

-- 7. 경매 (50개)
insert into tbl_auction (id, work_id, seller_id, asking_price, starting_price, estimate_low, estimate_high, bid_increment, current_price, bid_count, fee_rate, fee_amount, settlement_amount, deadline_hours, closing_at) overriding system value values
  (1, 14, 75, 65938, 30000, 46156, 85719, 3000, 66000, 12, 0.1, 6600, 59400, 168, now() + interval '168 hours'),
  (2, 128, 25, 473258, 200000, 331280, 615235, 20000, 380000, 9, 0.1, 38000, 342000, 72, now() + interval '72 hours'),
  (3, 149, 65, 47327, 10000, 33128, 61525, 1000, 19000, 9, 0.1, 1900, 17100, 48, now() + interval '48 hours'),
  (4, 55, 15, 497334, 100000, 348133, 646534, 10000, 220000, 12, 0.1, 22000, 198000, 48, now() + interval '48 hours'),
  (5, 137, 100, 115896, 30000, 81127, 150664, 3000, 48000, 6, 0.1, 4800, 43200, 168, now() + interval '168 hours'),
  (6, 170, 40, 862503, 200000, 603752, 1121253, 20000, 320000, 6, 0.1, 32000, 288000, 168, now() + interval '168 hours'),
  (7, 142, 91, 60334, 30000, 42233, 78434, 3000, 45000, 5, 0.1, 4500, 40500, 168, now() + interval '168 hours'),
  (8, 74, 33, 49087, 10000, 34360, 63813, 1000, 17000, 7, 0.1, 1700, 15300, 24, now() + interval '24 hours'),
  (9, 30, 59, 481462, 200000, 337023, 625900, 20000, 340000, 7, 0.1, 34000, 306000, 24, now() + interval '24 hours'),
  (10, 61, 84, 136905, 50000, 95833, 177976, 5000, 90000, 8, 0.1, 9000, 81000, 72, now() + interval '72 hours'),
  (11, 100, 41, 499784, 100000, 349848, 649719, 10000, 140000, 4, 0.1, 14000, 126000, 72, now() + interval '72 hours'),
  (12, 144, 13, 34948, 10000, 24463, 45432, 1000, 21000, 11, 0.1, 2100, 18900, 24, now() + interval '24 hours'),
  (13, 186, 65, 117006, 50000, 81904, 152107, 5000, 70000, 4, 0.1, 7000, 63000, 48, now() + interval '48 hours'),
  (14, 85, 47, 527386, 200000, 369170, 685601, 20000, 440000, 12, 0.1, 44000, 396000, 72, now() + interval '72 hours'),
  (15, 46, 8, 794739, 200000, 556317, 1033160, 20000, 220000, 1, 0.1, 22000, 198000, 24, now() + interval '24 hours'),
  (16, 140, 60, 237825, 50000, 166477, 309172, 5000, 80000, 6, 0.1, 8000, 72000, 48, now() + interval '48 hours'),
  (17, 168, 46, 22829, 10000, 15980, 29677, 1000, 19000, 9, 0.1, 1900, 17100, 72, now() + interval '72 hours'),
  (18, 52, 10, 113176, 30000, 79223, 147128, 3000, 54000, 8, 0.1, 5400, 48600, 24, now() + interval '24 hours'),
  (19, 4, 49, 34109, 10000, 23876, 44341, 1000, 21000, 11, 0.1, 2100, 18900, 72, now() + interval '72 hours'),
  (20, 176, 95, 876796, 200000, 613757, 1139834, 20000, 440000, 12, 0.1, 44000, 396000, 72, now() + interval '72 hours'),
  (21, 110, 92, 120431, 50000, 84301, 156560, 5000, 95000, 9, 0.1, 9500, 85500, 72, now() + interval '72 hours'),
  (22, 21, 38, 698606, 200000, 489024, 908187, 20000, 220000, 1, 0.1, 22000, 198000, 48, now() + interval '48 hours'),
  (23, 187, 8, 203694, 50000, 142585, 264802, 5000, 95000, 9, 0.1, 9500, 85500, 48, now() + interval '48 hours'),
  (24, 166, 40, 127039, 30000, 88927, 165150, 3000, 63000, 11, 0.1, 6300, 56700, 24, now() + interval '24 hours'),
  (25, 63, 25, 32400, 10000, 22680, 42120, 1000, 15000, 5, 0.1, 1500, 13500, 24, now() + interval '24 hours'),
  (26, 123, 54, 148766, 50000, 104136, 193395, 5000, 80000, 6, 0.1, 8000, 72000, 48, now() + interval '48 hours'),
  (27, 6, 83, 78610, 30000, 55027, 102193, 3000, 45000, 5, 0.1, 4500, 40500, 168, now() + interval '168 hours'),
  (28, 26, 20, 165617, 50000, 115931, 215302, 5000, 70000, 4, 0.1, 7000, 63000, 24, now() + interval '24 hours'),
  (29, 34, 14, 42449, 10000, 29714, 55183, 1000, 18000, 8, 0.1, 1800, 16200, 48, now() + interval '48 hours'),
  (30, 67, 57, 430716, 100000, 301501, 559930, 10000, 170000, 7, 0.1, 17000, 153000, 48, now() + interval '48 hours'),
  (31, 44, 25, 260277, 100000, 182193, 338360, 10000, 140000, 4, 0.1, 14000, 126000, 168, now() + interval '168 hours'),
  (32, 169, 12, 99431, 30000, 69601, 129260, 3000, 36000, 2, 0.1, 3600, 32400, 48, now() + interval '48 hours'),
  (33, 75, 55, 315374, 100000, 220761, 409986, 10000, 180000, 8, 0.1, 18000, 162000, 72, now() + interval '72 hours'),
  (34, 66, 65, 28154, 10000, 19707, 36600, 1000, 20000, 10, 0.1, 2000, 18000, 72, now() + interval '72 hours'),
  (35, 107, 89, 128196, 30000, 89737, 166654, 3000, 60000, 10, 0.1, 6000, 54000, 24, now() + interval '24 hours'),
  (36, 42, 1, 215273, 50000, 150691, 279854, 5000, 105000, 11, 0.1, 10500, 94500, 168, now() + interval '168 hours'),
  (37, 180, 94, 204404, 50000, 143082, 265725, 5000, 70000, 4, 0.1, 7000, 63000, 72, now() + interval '72 hours'),
  (38, 53, 83, 31397, 10000, 21977, 40816, 1000, 19000, 9, 0.1, 1900, 17100, 72, now() + interval '72 hours'),
  (39, 165, 15, 268273, 100000, 187791, 348754, 10000, 180000, 8, 0.1, 18000, 162000, 24, now() + interval '24 hours'),
  (40, 93, 84, 102037, 30000, 71425, 132648, 3000, 54000, 8, 0.1, 5400, 48600, 48, now() + interval '48 hours'),
  (41, 25, 86, 79662, 30000, 55763, 103560, 3000, 33000, 1, 0.1, 3300, 29700, 72, now() + interval '72 hours'),
  (42, 193, 65, 47546, 10000, 33282, 61809, 1000, 16000, 6, 0.1, 1600, 14400, 24, now() + interval '24 hours'),
  (43, 80, 54, 238535, 50000, 166974, 310095, 5000, 95000, 9, 0.1, 9500, 85500, 24, now() + interval '24 hours'),
  (44, 139, 85, 406699, 100000, 284689, 528708, 10000, 170000, 7, 0.1, 17000, 153000, 168, now() + interval '168 hours'),
  (45, 141, 11, 115014, 50000, 80509, 149518, 5000, 90000, 8, 0.1, 9000, 81000, 72, now() + interval '72 hours'),
  (46, 18, 93, 366886, 100000, 256820, 476951, 10000, 120000, 2, 0.1, 12000, 108000, 24, now() + interval '24 hours'),
  (47, 20, 91, 412816, 200000, 288971, 536660, 20000, 280000, 4, 0.1, 28000, 252000, 24, now() + interval '24 hours'),
  (48, 40, 100, 77627, 30000, 54338, 100915, 3000, 39000, 3, 0.1, 3900, 35100, 168, now() + interval '168 hours'),
  (49, 32, 32, 39849, 10000, 27894, 51803, 1000, 13000, 3, 0.1, 1300, 11700, 24, now() + interval '24 hours'),
  (50, 1, 95, 92997, 30000, 65097, 120896, 3000, 66000, 12, 0.1, 6600, 59400, 72, now() + interval '72 hours')
 on conflict (id) do nothing;
select setval(pg_get_serial_sequence('tbl_auction', 'id'), (select coalesce(max(id), 1) from tbl_auction));

-- 8. 입찰 (353건)
insert into tbl_bid (auction_id, member_id, bid_price, is_winning) values
  (1, 98, 33000, false),
  (1, 35, 36000, false),
  (1, 23, 39000, false),
  (1, 15, 42000, false),
  (1, 98, 45000, false),
  (1, 58, 48000, false),
  (1, 44, 51000, false),
  (1, 16, 54000, false),
  (1, 65, 57000, false),
  (1, 99, 60000, false),
  (1, 100, 63000, false),
  (1, 69, 66000, true),
  (2, 79, 220000, false),
  (2, 36, 240000, false),
  (2, 11, 260000, false),
  (2, 46, 280000, false),
  (2, 12, 300000, false),
  (2, 46, 320000, false),
  (2, 23, 340000, false),
  (2, 50, 360000, false),
  (2, 70, 380000, true),
  (3, 99, 11000, false),
  (3, 12, 12000, false),
  (3, 9, 13000, false),
  (3, 21, 14000, false),
  (3, 19, 15000, false),
  (3, 44, 16000, false),
  (3, 21, 17000, false),
  (3, 67, 18000, false),
  (3, 89, 19000, true),
  (4, 81, 110000, false),
  (4, 45, 120000, false),
  (4, 4, 130000, false),
  (4, 44, 140000, false),
  (4, 50, 150000, false),
  (4, 97, 160000, false),
  (4, 56, 170000, false),
  (4, 14, 180000, false),
  (4, 66, 190000, false),
  (4, 100, 200000, false),
  (4, 52, 210000, false),
  (4, 28, 220000, true),
  (5, 76, 33000, false),
  (5, 96, 36000, false),
  (5, 90, 39000, false),
  (5, 9, 42000, false),
  (5, 96, 45000, false),
  (5, 30, 48000, true),
  (6, 42, 220000, false),
  (6, 83, 240000, false),
  (6, 48, 260000, false),
  (6, 26, 280000, false),
  (6, 6, 300000, false),
  (6, 5, 320000, true),
  (7, 3, 33000, false),
  (7, 86, 36000, false),
  (7, 48, 39000, false),
  (7, 84, 42000, false),
  (7, 44, 45000, true),
  (8, 11, 11000, false),
  (8, 18, 12000, false),
  (8, 13, 13000, false),
  (8, 77, 14000, false),
  (8, 67, 15000, false),
  (8, 72, 16000, false),
  (8, 99, 17000, true),
  (9, 71, 220000, false),
  (9, 71, 240000, false),
  (9, 93, 260000, false),
  (9, 98, 280000, false),
  (9, 44, 300000, false),
  (9, 16, 320000, false),
  (9, 80, 340000, true),
  (10, 55, 55000, false),
  (10, 38, 60000, false),
  (10, 5, 65000, false),
  (10, 14, 70000, false),
  (10, 8, 75000, false),
  (10, 39, 80000, false),
  (10, 86, 85000, false),
  (10, 18, 90000, true),
  (11, 44, 110000, false),
  (11, 53, 120000, false),
  (11, 10, 130000, false),
  (11, 68, 140000, true),
  (12, 39, 11000, false),
  (12, 53, 12000, false),
  (12, 3, 13000, false),
  (12, 4, 14000, false),
  (12, 37, 15000, false),
  (12, 42, 16000, false),
  (12, 24, 17000, false),
  (12, 92, 18000, false),
  (12, 12, 19000, false),
  (12, 18, 20000, false),
  (12, 68, 21000, true),
  (13, 99, 55000, false),
  (13, 43, 60000, false),
  (13, 41, 65000, false),
  (13, 16, 70000, true),
  (14, 11, 220000, false),
  (14, 30, 240000, false),
  (14, 7, 260000, false),
  (14, 36, 280000, false),
  (14, 40, 300000, false),
  (14, 98, 320000, false),
  (14, 71, 340000, false),
  (14, 97, 360000, false),
  (14, 70, 380000, false),
  (14, 11, 400000, false),
  (14, 92, 420000, false),
  (14, 71, 440000, true),
  (15, 52, 220000, true),
  (16, 12, 55000, false),
  (16, 85, 60000, false),
  (16, 43, 65000, false),
  (16, 35, 70000, false),
  (16, 95, 75000, false),
  (16, 7, 80000, true),
  (17, 1, 11000, false),
  (17, 14, 12000, false),
  (17, 62, 13000, false),
  (17, 6, 14000, false),
  (17, 61, 15000, false),
  (17, 47, 16000, false),
  (17, 52, 17000, false),
  (17, 70, 18000, false),
  (17, 14, 19000, true),
  (18, 32, 33000, false),
  (18, 11, 36000, false),
  (18, 43, 39000, false),
  (18, 22, 42000, false),
  (18, 24, 45000, false),
  (18, 84, 48000, false),
  (18, 73, 51000, false),
  (18, 90, 54000, true),
  (19, 91, 11000, false),
  (19, 17, 12000, false),
  (19, 22, 13000, false),
  (19, 95, 14000, false),
  (19, 88, 15000, false),
  (19, 66, 16000, false),
  (19, 31, 17000, false),
  (19, 53, 18000, false),
  (19, 1, 19000, false),
  (19, 88, 20000, false),
  (19, 67, 21000, true),
  (20, 25, 220000, false),
  (20, 64, 240000, false),
  (20, 71, 260000, false),
  (20, 31, 280000, false),
  (20, 8, 300000, false),
  (20, 56, 320000, false),
  (20, 28, 340000, false),
  (20, 79, 360000, false),
  (20, 86, 380000, false),
  (20, 50, 400000, false),
  (20, 25, 420000, false),
  (20, 68, 440000, true),
  (21, 53, 55000, false),
  (21, 75, 60000, false),
  (21, 37, 65000, false),
  (21, 35, 70000, false),
  (21, 32, 75000, false),
  (21, 79, 80000, false),
  (21, 16, 85000, false),
  (21, 91, 90000, false),
  (21, 54, 95000, true),
  (22, 52, 220000, true),
  (23, 24, 55000, false),
  (23, 83, 60000, false),
  (23, 75, 65000, false),
  (23, 16, 70000, false),
  (23, 86, 75000, false),
  (23, 32, 80000, false),
  (23, 17, 85000, false),
  (23, 92, 90000, false),
  (23, 6, 95000, true),
  (24, 10, 33000, false),
  (24, 88, 36000, false),
  (24, 51, 39000, false),
  (24, 18, 42000, false),
  (24, 28, 45000, false),
  (24, 36, 48000, false),
  (24, 15, 51000, false),
  (24, 74, 54000, false),
  (24, 1, 57000, false),
  (24, 84, 60000, false),
  (24, 27, 63000, true),
  (25, 27, 11000, false),
  (25, 58, 12000, false),
  (25, 19, 13000, false),
  (25, 19, 14000, false),
  (25, 93, 15000, true),
  (26, 49, 55000, false),
  (26, 85, 60000, false),
  (26, 67, 65000, false),
  (26, 88, 70000, false),
  (26, 36, 75000, false),
  (26, 57, 80000, true),
  (27, 25, 33000, false),
  (27, 86, 36000, false),
  (27, 85, 39000, false),
  (27, 32, 42000, false),
  (27, 63, 45000, true),
  (28, 1, 55000, false),
  (28, 56, 60000, false),
  (28, 60, 65000, false),
  (28, 21, 70000, true),
  (29, 38, 11000, false),
  (29, 27, 12000, false),
  (29, 53, 13000, false),
  (29, 15, 14000, false),
  (29, 37, 15000, false),
  (29, 19, 16000, false),
  (29, 37, 17000, false),
  (29, 36, 18000, true),
  (30, 98, 110000, false),
  (30, 68, 120000, false),
  (30, 9, 130000, false),
  (30, 76, 140000, false),
  (30, 59, 150000, false),
  (30, 45, 160000, false),
  (30, 39, 170000, true),
  (31, 62, 110000, false),
  (31, 50, 120000, false),
  (31, 35, 130000, false),
  (31, 21, 140000, true),
  (32, 3, 33000, false),
  (32, 100, 36000, true),
  (33, 66, 110000, false),
  (33, 83, 120000, false),
  (33, 19, 130000, false),
  (33, 15, 140000, false),
  (33, 35, 150000, false),
  (33, 93, 160000, false),
  (33, 48, 170000, false),
  (33, 67, 180000, true),
  (34, 67, 11000, false),
  (34, 40, 12000, false),
  (34, 96, 13000, false),
  (34, 52, 14000, false),
  (34, 3, 15000, false),
  (34, 9, 16000, false),
  (34, 73, 17000, false),
  (34, 14, 18000, false),
  (34, 31, 19000, false),
  (34, 37, 20000, true),
  (35, 72, 33000, false),
  (35, 79, 36000, false),
  (35, 74, 39000, false),
  (35, 68, 42000, false),
  (35, 24, 45000, false),
  (35, 81, 48000, false),
  (35, 64, 51000, false),
  (35, 68, 54000, false),
  (35, 1, 57000, false),
  (35, 20, 60000, true),
  (36, 71, 55000, false),
  (36, 54, 60000, false),
  (36, 73, 65000, false),
  (36, 44, 70000, false),
  (36, 62, 75000, false),
  (36, 25, 80000, false),
  (36, 24, 85000, false),
  (36, 14, 90000, false),
  (36, 94, 95000, false),
  (36, 40, 100000, false),
  (36, 93, 105000, true),
  (37, 76, 55000, false),
  (37, 26, 60000, false),
  (37, 81, 65000, false),
  (37, 52, 70000, true),
  (38, 26, 11000, false),
  (38, 32, 12000, false),
  (38, 42, 13000, false),
  (38, 6, 14000, false),
  (38, 44, 15000, false),
  (38, 46, 16000, false),
  (38, 61, 17000, false),
  (38, 98, 18000, false),
  (38, 31, 19000, true),
  (39, 3, 110000, false),
  (39, 89, 120000, false),
  (39, 10, 130000, false),
  (39, 14, 140000, false),
  (39, 73, 150000, false),
  (39, 18, 160000, false),
  (39, 30, 170000, false),
  (39, 53, 180000, true),
  (40, 95, 33000, false),
  (40, 10, 36000, false),
  (40, 14, 39000, false),
  (40, 88, 42000, false),
  (40, 71, 45000, false),
  (40, 57, 48000, false),
  (40, 92, 51000, false),
  (40, 18, 54000, true),
  (41, 5, 33000, true),
  (42, 16, 11000, false),
  (42, 36, 12000, false),
  (42, 83, 13000, false),
  (42, 76, 14000, false),
  (42, 58, 15000, false),
  (42, 27, 16000, true),
  (43, 16, 55000, false),
  (43, 12, 60000, false),
  (43, 33, 65000, false),
  (43, 77, 70000, false),
  (43, 69, 75000, false),
  (43, 96, 80000, false),
  (43, 81, 85000, false),
  (43, 98, 90000, false),
  (43, 31, 95000, true),
  (44, 22, 110000, false),
  (44, 97, 120000, false),
  (44, 90, 130000, false),
  (44, 94, 140000, false),
  (44, 1, 150000, false),
  (44, 63, 160000, false),
  (44, 28, 170000, true),
  (45, 75, 55000, false),
  (45, 30, 60000, false),
  (45, 74, 65000, false),
  (45, 36, 70000, false),
  (45, 1, 75000, false),
  (45, 55, 80000, false),
  (45, 90, 85000, false),
  (45, 45, 90000, true),
  (46, 4, 110000, false),
  (46, 95, 120000, true),
  (47, 25, 220000, false),
  (47, 23, 240000, false),
  (47, 21, 260000, false),
  (47, 30, 280000, true),
  (48, 26, 33000, false),
  (48, 17, 36000, false),
  (48, 38, 39000, true),
  (49, 80, 11000, false),
  (49, 18, 12000, false),
  (49, 5, 13000, true),
  (50, 98, 33000, false),
  (50, 39, 36000, false),
  (50, 88, 39000, false),
  (50, 56, 42000, false),
  (50, 20, 45000, false),
  (50, 89, 48000, false),
  (50, 9, 51000, false),
  (50, 21, 54000, false),
  (50, 61, 57000, false),
  (50, 49, 60000, false),
  (50, 1, 63000, false),
  (50, 22, 66000, true);

-- 9. 작품 좋아요 (800건)
insert into tbl_work_like (work_id, member_id) values
  (181, 44),
  (35, 88),
  (58, 1),
  (90, 42),
  (60, 10),
  (91, 25),
  (176, 78),
  (116, 36),
  (50, 100),
  (187, 87),
  (170, 16),
  (72, 11),
  (147, 14),
  (159, 25),
  (190, 3),
  (139, 19),
  (104, 98),
  (39, 90),
  (159, 43),
  (200, 44),
  (137, 95),
  (139, 37),
  (3, 24),
  (160, 78),
  (121, 7),
  (2, 68),
  (13, 65),
  (130, 83),
  (49, 9),
  (126, 94),
  (161, 61),
  (43, 87),
  (196, 37),
  (113, 30),
  (119, 64),
  (88, 95),
  (144, 8),
  (162, 44),
  (63, 20),
  (83, 7),
  (142, 93),
  (9, 67),
  (5, 78),
  (58, 81),
  (197, 10),
  (186, 10),
  (158, 37),
  (41, 28),
  (42, 82),
  (197, 28),
  (44, 24),
  (87, 4),
  (62, 69),
  (136, 18),
  (45, 25),
  (147, 45),
  (137, 99),
  (95, 93),
  (76, 3),
  (192, 44),
  (86, 44),
  (66, 75),
  (118, 76),
  (149, 91),
  (173, 21),
  (160, 100),
  (7, 7),
  (150, 65),
  (1, 85),
  (48, 17),
  (28, 48),
  (24, 96),
  (63, 15),
  (173, 48),
  (196, 50),
  (166, 9),
  (94, 2),
  (165, 53),
  (134, 84),
  (176, 59),
  (112, 65),
  (58, 94),
  (112, 74),
  (164, 75),
  (108, 22),
  (27, 88),
  (179, 82),
  (56, 2),
  (200, 34),
  (109, 23),
  (24, 46),
  (140, 10),
  (130, 64),
  (36, 29),
  (126, 93),
  (99, 76),
  (55, 51),
  (89, 53),
  (28, 43),
  (40, 17),
  (174, 26),
  (144, 83),
  (112, 60),
  (6, 51),
  (116, 21),
  (10, 12),
  (136, 8),
  (199, 46),
  (199, 55),
  (73, 77),
  (200, 29),
  (23, 67),
  (12, 67),
  (161, 19),
  (97, 16),
  (196, 4),
  (160, 81),
  (87, 97),
  (32, 72),
  (88, 62),
  (45, 91),
  (154, 7),
  (134, 38),
  (111, 36),
  (36, 42),
  (17, 38),
  (132, 95),
  (195, 44),
  (123, 37),
  (135, 2),
  (69, 66),
  (198, 40),
  (75, 6),
  (7, 100),
  (81, 49),
  (73, 45),
  (19, 74),
  (105, 25),
  (191, 28),
  (39, 52),
  (8, 83),
  (51, 26),
  (145, 79),
  (32, 22),
  (54, 68),
  (32, 31),
  (200, 33),
  (178, 94),
  (70, 3),
  (34, 77),
  (1, 52),
  (172, 41),
  (24, 63),
  (190, 86),
  (173, 15),
  (28, 24),
  (37, 100),
  (28, 42),
  (115, 10),
  (69, 52),
  (76, 100),
  (15, 81),
  (61, 48),
  (6, 32),
  (61, 66),
  (141, 95),
  (144, 91),
  (11, 65),
  (74, 14),
  (133, 100),
  (102, 94),
  (8, 87),
  (192, 6),
  (30, 96),
  (114, 77),
  (157, 57),
  (95, 73),
  (168, 57),
  (64, 67),
  (47, 14),
  (88, 52),
  (117, 97),
  (162, 10),
  (76, 59),
  (109, 93),
  (57, 55),
  (65, 68),
  (88, 70),
  (22, 97),
  (28, 28),
  (165, 15),
  (99, 79),
  (129, 80),
  (165, 24),
  (15, 67),
  (38, 69),
  (146, 20),
  (61, 52),
  (176, 48),
  (115, 41),
  (105, 6),
  (50, 70),
  (63, 89),
  (18, 99),
  (138, 12),
  (160, 12),
  (84, 41),
  (192, 1),
  (75, 81),
  (143, 99),
  (157, 43),
  (105, 100),
  (13, 26),
  (44, 93),
  (136, 78),
  (106, 86),
  (128, 92),
  (100, 21),
  (148, 70),
  (163, 68),
  (46, 59),
  (37, 90),
  (15, 53),
  (175, 42),
  (132, 71),
  (141, 49),
  (110, 52),
  (156, 19),
  (7, 76),
  (61, 56),
  (20, 15),
  (185, 82),
  (31, 33),
  (180, 22),
  (102, 84),
  (39, 46),
  (94, 80),
  (32, 7),
  (157, 38),
  (23, 47),
  (94, 98),
  (189, 79),
  (72, 70),
  (43, 34),
  (87, 68),
  (22, 60),
  (76, 40),
  (76, 49),
  (134, 18),
  (140, 52),
  (151, 70),
  (194, 50),
  (49, 68),
  (140, 88),
  (145, 14),
  (27, 40),
  (62, 7),
  (73, 7),
  (164, 36),
  (98, 100),
  (39, 23),
  (11, 41),
  (102, 61),
  (185, 77),
  (180, 8),
  (11, 50),
  (103, 35),
  (82, 92),
  (94, 75),
  (72, 38),
  (107, 14),
  (23, 42),
  (126, 27),
  (116, 81),
  (95, 58),
  (34, 39),
  (127, 90),
  (76, 17),
  (10, 90),
  (2, 86),
  (159, 88),
  (46, 31),
  (136, 95),
  (92, 7),
  (37, 80),
  (140, 65),
  (187, 6),
  (151, 83),
  (36, 93),
  (8, 22),
  (193, 58),
  (173, 89),
  (19, 31),
  (30, 31),
  (137, 14),
  (144, 62),
  (123, 97),
  (84, 26),
  (137, 41),
  (189, 42),
  (166, 86),
  (149, 15),
  (21, 95),
  (170, 47),
  (88, 5),
  (53, 47),
  (108, 99),
  (25, 92),
  (163, 44),
  (86, 71),
  (67, 67),
  (46, 44),
  (18, 25),
  (57, 44),
  (77, 22),
  (132, 56),
  (151, 69),
  (175, 36),
  (27, 12),
  (164, 8),
  (132, 74),
  (47, 88),
  (36, 97),
  (17, 93),
  (131, 78),
  (122, 20),
  (84, 3),
  (75, 34),
  (9, 98),
  (8, 44),
  (158, 50),
  (166, 63),
  (23, 5),
  (33, 55),
  (147, 49),
  (182, 16),
  (118, 22),
  (74, 74),
  (140, 19),
  (34, 47),
  (76, 25),
  (10, 89),
  (136, 76),
  (15, 15),
  (14, 59),
  (86, 75),
  (69, 4),
  (78, 71),
  (184, 89),
  (196, 54),
  (142, 83),
  (80, 22),
  (184, 98),
  (142, 92),
  (181, 74),
  (59, 85),
  (133, 34),
  (73, 1),
  (71, 68),
  (173, 88),
  (186, 18),
  (185, 62),
  (29, 71),
  (102, 55),
  (52, 45),
  (167, 32),
  (112, 96),
  (135, 61),
  (127, 57),
  (53, 28),
  (72, 41),
  (159, 46),
  (107, 8),
  (180, 78),
  (3, 27),
  (140, 14),
  (97, 43),
  (139, 58),
  (160, 90),
  (194, 3),
  (15, 10),
  (7, 6),
  (151, 41),
  (153, 69),
  (26, 37),
  (141, 24),
  (101, 40),
  (47, 69),
  (134, 74),
  (27, 11),
  (5, 72),
  (19, 16),
  (134, 92),
  (60, 17),
  (48, 52),
  (156, 12),
  (186, 22),
  (5, 99),
  (189, 18),
  (159, 92),
  (106, 20),
  (62, 72),
  (10, 43),
  (180, 64),
  (127, 70),
  (73, 99),
  (31, 93),
  (148, 22),
  (67, 34),
  (157, 98),
  (132, 23),
  (169, 72),
  (24, 81),
  (36, 46),
  (96, 97),
  (26, 23),
  (118, 97),
  (101, 26),
  (107, 97),
  (36, 64),
  (134, 69),
  (185, 16),
  (110, 13),
  (134, 78),
  (79, 53),
  (155, 21),
  (8, 11),
  (41, 17),
  (135, 33),
  (114, 10),
  (166, 48),
  (178, 13),
  (104, 64),
  (179, 76),
  (123, 86),
  (135, 51),
  (136, 16),
  (115, 82),
  (117, 12),
  (135, 60),
  (62, 76),
  (2, 34),
  (20, 79),
  (117, 30),
  (148, 26),
  (38, 2),
  (161, 63),
  (55, 54),
  (13, 94),
  (165, 42),
  (46, 100),
  (154, 51),
  (29, 29),
  (101, 48),
  (194, 96),
  (177, 25),
  (9, 69),
  (174, 38),
  (134, 91),
  (115, 50),
  (9, 78),
  (94, 27),
  (135, 28),
  (69, 92),
  (27, 86),
  (62, 53),
  (178, 17),
  (33, 26),
  (156, 78),
  (120, 12),
  (122, 94),
  (192, 28),
  (51, 52),
  (188, 76),
  (85, 72),
  (161, 40),
  (14, 30),
  (76, 81),
  (36, 45),
  (70, 47),
  (131, 35),
  (111, 66),
  (21, 11),
  (134, 68),
  (131, 44),
  (166, 11),
  (94, 4),
  (146, 51),
  (158, 16),
  (80, 78),
  (127, 28),
  (2, 6),
  (198, 88),
  (139, 20),
  (2, 42),
  (31, 87),
  (43, 52),
  (140, 3),
  (157, 83),
  (84, 99),
  (173, 9),
  (162, 9),
  (78, 37),
  (181, 22),
  (165, 14),
  (59, 42),
  (171, 94),
  (111, 52),
  (119, 65),
  (46, 81),
  (101, 29),
  (123, 26),
  (194, 77),
  (195, 42),
  (174, 19),
  (28, 63),
  (123, 44),
  (112, 44),
  (80, 73),
  (105, 5),
  (41, 11),
  (152, 98),
  (198, 65),
  (108, 10),
  (198, 74),
  (91, 97),
  (81, 74),
  (157, 42),
  (23, 51),
  (103, 80),
  (95, 85),
  (157, 69),
  (35, 52),
  (160, 74),
  (53, 88),
  (67, 32),
  (55, 30),
  (37, 89),
  (146, 5),
  (171, 89),
  (99, 82),
  (68, 76),
  (194, 63),
  (17, 49),
  (166, 1),
  (112, 30),
  (68, 94),
  (146, 32),
  (175, 68),
  (61, 55),
  (113, 93),
  (92, 70),
  (195, 55),
  (38, 99),
  (61, 64),
  (124, 13),
  (7, 93),
  (135, 13),
  (124, 22),
  (198, 69),
  (108, 14),
  (8, 76),
  (105, 27),
  (179, 65),
  (199, 43),
  (145, 72),
  (11, 81),
  (31, 59),
  (12, 55),
  (66, 44),
  (47, 3),
  (32, 51),
  (89, 18),
  (169, 38),
  (126, 67),
  (13, 47),
  (172, 25),
  (161, 25),
  (17, 8),
  (171, 66),
  (150, 43),
  (134, 26),
  (45, 88),
  (76, 66),
  (77, 31),
  (34, 97),
  (46, 71),
  (183, 58),
  (3, 100),
  (100, 51),
  (57, 89),
  (7, 79),
  (175, 81),
  (80, 72),
  (81, 46),
  (174, 85),
  (8, 71),
  (42, 73),
  (73, 51),
  (200, 3),
  (186, 68),
  (75, 88),
  (74, 34),
  (75, 97),
  (172, 11),
  (169, 24),
  (24, 33),
  (184, 22),
  (1, 49),
  (162, 3),
  (171, 70),
  (139, 99),
  (111, 28),
  (99, 72),
  (198, 23),
  (187, 23),
  (38, 80),
  (164, 30),
  (98, 94),
  (156, 26),
  (156, 44),
  (102, 82),
  (174, 98),
  (155, 94),
  (130, 19),
  (75, 83),
  (33, 77),
  (161, 6),
  (170, 73),
  (96, 35),
  (184, 17),
  (95, 79),
  (34, 60),
  (142, 11),
  (64, 82),
  (53, 82),
  (77, 21),
  (22, 85),
  (68, 52),
  (65, 65),
  (163, 70),
  (175, 35),
  (14, 90),
  (42, 18),
  (113, 69),
  (27, 29),
  (121, 82),
  (50, 40),
  (50, 49),
  (61, 58),
  (188, 10),
  (102, 68),
  (12, 13),
  (95, 29),
  (143, 87),
  (177, 89),
  (122, 64),
  (186, 67),
  (130, 14),
  (155, 98),
  (35, 23),
  (117, 62),
  (65, 24),
  (153, 6),
  (189, 90),
  (37, 51),
  (148, 49),
  (37, 60),
  (100, 9),
  (190, 64),
  (68, 38),
  (14, 67),
  (128, 89),
  (69, 12),
  (38, 43),
  (22, 89),
  (38, 52),
  (22, 98),
  (123, 1),
  (58, 30),
  (132, 68),
  (46, 65),
  (61, 17),
  (59, 93),
  (19, 20),
  (61, 35),
  (82, 67),
  (50, 44),
  (11, 25),
  (23, 17),
  (115, 100),
  (135, 87),
  (10, 83),
  (147, 70),
  (148, 35),
  (108, 97),
  (192, 78),
  (100, 13),
  (175, 16),
  (57, 42),
  (69, 7),
  (100, 22),
  (67, 83),
  (79, 48),
  (109, 98),
  (98, 61),
  (42, 8),
  (82, 53),
  (11, 20),
  (48, 69),
  (103, 14),
  (19, 42),
  (54, 9),
  (186, 30),
  (154, 96),
  (143, 59),
  (6, 72),
  (114, 23),
  (12, 3),
  (11, 47),
  (137, 34),
  (155, 79),
  (60, 70),
  (21, 88),
  (6, 99),
  (95, 37),
  (116, 69),
  (135, 82),
  (143, 95),
  (99, 7),
  (158, 93),
  (65, 14),
  (136, 65),
  (105, 96),
  (127, 96),
  (129, 26),
  (57, 19),
  (97, 73),
  (7, 18),
  (163, 55),
  (121, 49),
  (172, 85),
  (67, 78),
  (161, 85),
  (18, 27),
  (161, 94),
  (133, 23),
  (59, 74),
  (90, 52),
  (198, 3),
  (187, 3),
  (97, 100),
  (55, 94),
  (83, 22),
  (179, 8),
  (193, 55),
  (155, 47),
  (54, 4),
  (20, 2),
  (48, 82),
  (112, 85),
  (20, 11),
  (33, 39),
  (114, 36),
  (159, 35),
  (124, 77),
  (126, 19),
  (139, 38),
  (34, 31),
  (200, 54),
  (54, 98),
  (44, 75),
  (191, 94),
  (99, 20),
  (139, 56),
  (56, 58),
  (120, 70),
  (49, 28),
  (120, 79),
  (58, 6),
  (13, 93),
  (161, 80),
  (175, 24),
  (71, 43),
  (154, 59),
  (110, 43),
  (156, 10),
  (154, 86),
  (137, 15),
  (75, 31),
  (21, 60),
  (104, 76),
  (127, 50),
  (143, 76),
  (107, 1),
  (140, 7),
  (97, 45),
  (109, 47),
  (149, 92),
  (150, 57)
 on conflict (work_id, member_id) do nothing;

-- 10. 북마크 (550건)
insert into tbl_bookmark (member_id, target_type, target_id) values
  (4, 'GALLERY', 17),
  (71, 'GALLERY', 15),
  (84, 'WORK', 84),
  (46, 'WORK', 21),
  (49, 'WORK', 107),
  (26, 'WORK', 86),
  (7, 'WORK', 36),
  (13, 'GALLERY', 17),
  (31, 'WORK', 78),
  (9, 'WORK', 98),
  (12, 'WORK', 173),
  (96, 'WORK', 198),
  (86, 'WORK', 148),
  (4, 'WORK', 40),
  (38, 'GALLERY', 23),
  (20, 'WORK', 112),
  (9, 'WORK', 166),
  (90, 'GALLERY', 18),
  (32, 'WORK', 81),
  (30, 'GALLERY', 24),
  (44, 'WORK', 28),
  (9, 'GALLERY', 28),
  (93, 'WORK', 8),
  (47, 'WORK', 180),
  (39, 'WORK', 126),
  (34, 'GALLERY', 5),
  (86, 'WORK', 167),
  (28, 'WORK', 158),
  (72, 'WORK', 12),
  (95, 'WORK', 178),
  (75, 'GALLERY', 26),
  (88, 'WORK', 95),
  (4, 'GALLERY', 9),
  (17, 'GALLERY', 17),
  (98, 'WORK', 136),
  (22, 'GALLERY', 9),
  (54, 'GALLERY', 30),
  (45, 'WORK', 119),
  (74, 'WORK', 65),
  (74, 'WORK', 76),
  (35, 'GALLERY', 8),
  (24, 'WORK', 112),
  (86, 'WORK', 23),
  (69, 'WORK', 7),
  (27, 'WORK', 176),
  (62, 'WORK', 69),
  (65, 'WORK', 133),
  (47, 'WORK', 172),
  (94, 'GALLERY', 18),
  (87, 'WORK', 152),
  (34, 'GALLERY', 24),
  (55, 'WORK', 111),
  (82, 'GALLERY', 22),
  (24, 'GALLERY', 13),
  (20, 'WORK', 200),
  (92, 'WORK', 18),
  (10, 'WORK', 150),
  (86, 'WORK', 64),
  (69, 'WORK', 54),
  (36, 'WORK', 5),
  (72, 'GALLERY', 11),
  (71, 'GALLERY', 29),
  (99, 'WORK', 140),
  (29, 'WORK', 164),
  (89, 'GALLERY', 29),
  (38, 'WORK', 153),
  (85, 'GALLERY', 10),
  (55, 'GALLERY', 3),
  (81, 'WORK', 102),
  (26, 'WORK', 157),
  (16, 'WORK', 107),
  (61, 'GALLERY', 7),
  (5, 'WORK', 55),
  (59, 'WORK', 190),
  (14, 'WORK', 44),
  (79, 'WORK', 30),
  (93, 'WORK', 128),
  (68, 'WORK', 73),
  (73, 'WORK', 171),
  (14, 'GALLERY', 12),
  (40, 'WORK', 100),
  (14, 'WORK', 123),
  (86, 'WORK', 170),
  (43, 'GALLERY', 8),
  (6, 'WORK', 47),
  (52, 'WORK', 69),
  (33, 'WORK', 153),
  (93, 'WORK', 90),
  (76, 'GALLERY', 2),
  (22, 'GALLERY', 1),
  (77, 'WORK', 132),
  (56, 'WORK', 145),
  (1, 'GALLERY', 5),
  (4, 'WORK', 169),
  (25, 'GALLERY', 27),
  (9, 'WORK', 150),
  (71, 'WORK', 61),
  (70, 'WORK', 11),
  (66, 'WORK', 14),
  (13, 'GALLERY', 20),
  (40, 'WORK', 26),
  (53, 'WORK', 23),
  (51, 'WORK', 38),
  (52, 'GALLERY', 18),
  (32, 'WORK', 133),
  (58, 'WORK', 26),
  (90, 'WORK', 36),
  (67, 'WORK', 4),
  (70, 'GALLERY', 18),
  (70, 'WORK', 118),
  (15, 'WORK', 39),
  (36, 'GALLERY', 14),
  (84, 'WORK', 71),
  (13, 'WORK', 199),
  (36, 'WORK', 103),
  (52, 'WORK', 52),
  (94, 'WORK', 6),
  (72, 'GALLERY', 14),
  (34, 'WORK', 12),
  (46, 'GALLERY', 15),
  (75, 'WORK', 178),
  (15, 'WORK', 1),
  (59, 'GALLERY', 25),
  (9, 'WORK', 142),
  (78, 'WORK', 30),
  (65, 'WORK', 156),
  (64, 'GALLERY', 17),
  (77, 'GALLERY', 25),
  (6, 'GALLERY', 8),
  (90, 'WORK', 94),
  (56, 'GALLERY', 29),
  (100, 'WORK', 78),
  (65, 'GALLERY', 29),
  (16, 'WORK', 176),
  (94, 'WORK', 25),
  (46, 'WORK', 174),
  (79, 'GALLERY', 10),
  (60, 'WORK', 166),
  (18, 'WORK', 84),
  (62, 'GALLERY', 22),
  (37, 'WORK', 125),
  (86, 'GALLERY', 16),
  (14, 'WORK', 115),
  (15, 'WORK', 156),
  (67, 'GALLERY', 14),
  (3, 'WORK', 24),
  (4, 'WORK', 54),
  (15, 'GALLERY', 27),
  (35, 'WORK', 179),
  (64, 'WORK', 136),
  (21, 'WORK', 15),
  (66, 'WORK', 189),
  (90, 'GALLERY', 25),
  (3, 'WORK', 122),
  (85, 'WORK', 162),
  (14, 'WORK', 134),
  (15, 'WORK', 186),
  (59, 'WORK', 29),
  (70, 'GALLERY', 2),
  (1, 'WORK', 165),
  (19, 'WORK', 31),
  (16, 'WORK', 53),
  (3, 'WORK', 73),
  (10, 'GALLERY', 27),
  (75, 'GALLERY', 13),
  (57, 'WORK', 45),
  (9, 'WORK', 194),
  (73, 'WORK', 128),
  (74, 'WORK', 158),
  (3, 'WORK', 152),
  (63, 'GALLERY', 6),
  (59, 'WORK', 59),
  (94, 'WORK', 192),
  (52, 'WORK', 121),
  (43, 'WORK', 15),
  (17, 'WORK', 27),
  (23, 'WORK', 60),
  (21, 'GALLERY', 3),
  (34, 'WORK', 83),
  (62, 'GALLERY', 24),
  (39, 'GALLERY', 3),
  (23, 'WORK', 117),
  (36, 'WORK', 136),
  (94, 'WORK', 39),
  (76, 'WORK', 10),
  (46, 'WORK', 109),
  (97, 'WORK', 180),
  (40, 'GALLERY', 17),
  (55, 'WORK', 14),
  (23, 'GALLERY', 18),
  (100, 'WORK', 43),
  (32, 'GALLERY', 18),
  (25, 'WORK', 152),
  (70, 'WORK', 25),
  (69, 'GALLERY', 20),
  (92, 'WORK', 55),
  (22, 'WORK', 68),
  (62, 'WORK', 37),
  (21, 'WORK', 18),
  (74, 'WORK', 123),
  (74, 'WORK', 6),
  (2, 'WORK', 190),
  (47, 'WORK', 74),
  (20, 'WORK', 45),
  (20, 'WORK', 34),
  (23, 'WORK', 109),
  (33, 'WORK', 64),
  (98, 'WORK', 39),
  (27, 'WORK', 22),
  (74, 'WORK', 63),
  (39, 'GALLERY', 25),
  (73, 'WORK', 130),
  (13, 'WORK', 98),
  (77, 'WORK', 43),
  (93, 'WORK', 126),
  (5, 'GALLERY', 21),
  (82, 'WORK', 13),
  (60, 'WORK', 55),
  (100, 'WORK', 130),
  (58, 'GALLERY', 9),
  (32, 'GALLERY', 21),
  (51, 'WORK', 112),
  (60, 'WORK', 123),
  (27, 'WORK', 41),
  (14, 'WORK', 167),
  (81, 'WORK', 176),
  (94, 'WORK', 184),
  (4, 'WORK', 128),
  (55, 'WORK', 188),
  (48, 'WORK', 116),
  (64, 'WORK', 199),
  (6, 'WORK', 45),
  (15, 'WORK', 45),
  (16, 'GALLERY', 25),
  (80, 'WORK', 31),
  (21, 'WORK', 67),
  (31, 'WORK', 22),
  (34, 'WORK', 86),
  (72, 'WORK', 149),
  (30, 'GALLERY', 17),
  (33, 'WORK', 36),
  (48, 'GALLERY', 17),
  (30, 'WORK', 106),
  (27, 'WORK', 139),
  (73, 'WORK', 150),
  (85, 'GALLERY', 19),
  (55, 'GALLERY', 12),
  (79, 'WORK', 66),
  (86, 'GALLERY', 20),
  (15, 'GALLERY', 14),
  (71, 'WORK', 184),
  (71, 'WORK', 195),
  (82, 'GALLERY', 23),
  (76, 'WORK', 187),
  (76, 'WORK', 176),
  (19, 'GALLERY', 13),
  (66, 'WORK', 31),
  (38, 'WORK', 192),
  (62, 'WORK', 51),
  (12, 'GALLERY', 9),
  (60, 'GALLERY', 5),
  (47, 'WORK', 192),
  (61, 'WORK', 107),
  (80, 'WORK', 51),
  (63, 'WORK', 13),
  (95, 'WORK', 190),
  (91, 'WORK', 171),
  (98, 'GALLERY', 19),
  (57, 'WORK', 184),
  (83, 'WORK', 77),
  (60, 'WORK', 153),
  (91, 'WORK', 133),
  (69, 'WORK', 164),
  (33, 'WORK', 113),
  (94, 'WORK', 102),
  (87, 'WORK', 8),
  (3, 'WORK', 128),
  (7, 'WORK', 30),
  (12, 'WORK', 128),
  (5, 'WORK', 45),
  (59, 'WORK', 180),
  (50, 'GALLERY', 13),
  (42, 'WORK', 9),
  (57, 'WORK', 51),
  (88, 'WORK', 31),
  (75, 'WORK', 168),
  (66, 'WORK', 51),
  (16, 'GALLERY', 9),
  (78, 'WORK', 126),
  (57, 'GALLERY', 19),
  (67, 'WORK', 24),
  (43, 'WORK', 59),
  (4, 'GALLERY', 2),
  (36, 'GALLERY', 12),
  (95, 'WORK', 54),
  (11, 'WORK', 185),
  (85, 'WORK', 4),
  (1, 'WORK', 113),
  (17, 'WORK', 196),
  (8, 'WORK', 101),
  (76, 'GALLERY', 22),
  (34, 'WORK', 168),
  (25, 'GALLERY', 28),
  (85, 'WORK', 111),
  (99, 'GALLERY', 3),
  (4, 'WORK', 55),
  (73, 'GALLERY', 26),
  (55, 'WORK', 115),
  (83, 'WORK', 31),
  (13, 'WORK', 44),
  (11, 'GALLERY', 9),
  (29, 'WORK', 127),
  (31, 'WORK', 150),
  (2, 'WORK', 87),
  (100, 'GALLERY', 26),
  (59, 'WORK', 46),
  (79, 'GALLERY', 30),
  (41, 'WORK', 17),
  (4, 'WORK', 151),
  (49, 'WORK', 35),
  (12, 'WORK', 196),
  (56, 'WORK', 50),
  (19, 'GALLERY', 16),
  (32, 'GALLERY', 24),
  (28, 'WORK', 39),
  (3, 'WORK', 33),
  (91, 'WORK', 185),
  (9, 'GALLERY', 5),
  (7, 'WORK', 21),
  (32, 'WORK', 9),
  (21, 'WORK', 158),
  (37, 'WORK', 96),
  (53, 'WORK', 190),
  (10, 'WORK', 67),
  (11, 'WORK', 119),
  (39, 'WORK', 24),
  (4, 'WORK', 36),
  (55, 'WORK', 107),
  (4, 'WORK', 170),
  (31, 'WORK', 142),
  (90, 'WORK', 57),
  (53, 'GALLERY', 23),
  (49, 'WORK', 16),
  (96, 'GALLERY', 29),
  (7, 'WORK', 101),
  (45, 'WORK', 153),
  (81, 'WORK', 182),
  (45, 'WORK', 47),
  (14, 'WORK', 116),
  (30, 'GALLERY', 4),
  (99, 'WORK', 193),
  (18, 'WORK', 115),
  (13, 'GALLERY', 5),
  (78, 'WORK', 52),
  (98, 'GALLERY', 3),
  (81, 'WORK', 144),
  (86, 'WORK', 125),
  (33, 'GALLERY', 30),
  (8, 'WORK', 181),
  (16, 'WORK', 120),
  (32, 'WORK', 69),
  (30, 'GALLERY', 12),
  (57, 'WORK', 152),
  (69, 'GALLERY', 10),
  (53, 'WORK', 27),
  (87, 'GALLERY', 10),
  (1, 'WORK', 168),
  (63, 'WORK', 68),
  (85, 'WORK', 193),
  (82, 'WORK', 197),
  (21, 'WORK', 54),
  (41, 'WORK', 88),
  (24, 'GALLERY', 11),
  (25, 'WORK', 141),
  (73, 'WORK', 148),
  (16, 'GALLERY', 23),
  (34, 'GALLERY', 23),
  (28, 'WORK', 176),
  (82, 'GALLERY', 10),
  (80, 'WORK', 37),
  (78, 'GALLERY', 2),
  (52, 'GALLERY', 14),
  (72, 'WORK', 155),
  (78, 'WORK', 102),
  (88, 'WORK', 143),
  (35, 'GALLERY', 15),
  (8, 'WORK', 9),
  (9, 'GALLERY', 27),
  (57, 'WORK', 95),
  (51, 'WORK', 42),
  (27, 'GALLERY', 27),
  (100, 'WORK', 33),
  (97, 'GALLERY', 5),
  (6, 'GALLERY', 20),
  (68, 'WORK', 137),
  (16, 'WORK', 16),
  (14, 'WORK', 187),
  (96, 'WORK', 189),
  (72, 'GALLERY', 18),
  (85, 'WORK', 98),
  (47, 'WORK', 35),
  (81, 'GALLERY', 18),
  (64, 'GALLERY', 2),
  (39, 'WORK', 164),
  (86, 'GALLERY', 21),
  (96, 'WORK', 6),
  (97, 'GALLERY', 24),
  (5, 'WORK', 32),
  (21, 'WORK', 126),
  (14, 'GALLERY', 11),
  (57, 'GALLERY', 17),
  (99, 'WORK', 43),
  (66, 'GALLERY', 17),
  (44, 'WORK', 98),
  (24, 'WORK', 141),
  (42, 'WORK', 141),
  (96, 'WORK', 170),
  (24, 'GALLERY', 3),
  (86, 'WORK', 199),
  (26, 'WORK', 11),
  (97, 'GALLERY', 16),
  (73, 'GALLERY', 13),
  (40, 'WORK', 109),
  (53, 'WORK', 11),
  (23, 'WORK', 121),
  (67, 'WORK', 109),
  (19, 'WORK', 141),
  (35, 'WORK', 79),
  (55, 'WORK', 181),
  (8, 'WORK', 50),
  (54, 'GALLERY', 2),
  (28, 'GALLERY', 3),
  (46, 'WORK', 132),
  (74, 'WORK', 48),
  (2, 'GALLERY', 15),
  (64, 'WORK', 143),
  (100, 'WORK', 172),
  (24, 'WORK', 84),
  (22, 'WORK', 61),
  (75, 'WORK', 155),
  (44, 'WORK', 186),
  (2, 'WORK', 115),
  (29, 'GALLERY', 26),
  (27, 'WORK', 42),
  (72, 'WORK', 82),
  (23, 'WORK', 73),
  (57, 'WORK', 22),
  (9, 'WORK', 160),
  (74, 'GALLERY', 17),
  (70, 'GALLERY', 9),
  (52, 'WORK', 98),
  (100, 'WORK', 191),
  (73, 'WORK', 56),
  (8, 'WORK', 72),
  (74, 'WORK', 40),
  (41, 'GALLERY', 14),
  (80, 'GALLERY', 1),
  (60, 'WORK', 105),
  (54, 'WORK', 63),
  (74, 'WORK', 165),
  (5, 'WORK', 65),
  (81, 'WORK', 85),
  (66, 'WORK', 177),
  (91, 'WORK', 126),
  (58, 'WORK', 150),
  (15, 'WORK', 38),
  (76, 'WORK', 161),
  (21, 'GALLERY', 21),
  (34, 'GALLERY', 29),
  (97, 'GALLERY', 19),
  (59, 'WORK', 17),
  (35, 'GALLERY', 2),
  (37, 'WORK', 182),
  (64, 'WORK', 154),
  (7, 'WORK', 186),
  (1, 'WORK', 144),
  (85, 'GALLERY', 12),
  (32, 'WORK', 113),
  (8, 'WORK', 159),
  (99, 'WORK', 16),
  (15, 'WORK', 30),
  (49, 'WORK', 74),
  (42, 'WORK', 147),
  (45, 'WORK', 200),
  (32, 'WORK', 75),
  (72, 'GALLERY', 5),
  (92, 'WORK', 157),
  (66, 'WORK', 24),
  (46, 'GALLERY', 6),
  (56, 'WORK', 119),
  (53, 'WORK', 189),
  (25, 'WORK', 71),
  (28, 'WORK', 29),
  (74, 'WORK', 2),
  (92, 'WORK', 119),
  (4, 'GALLERY', 14),
  (18, 'WORK', 135),
  (79, 'WORK', 5),
  (76, 'WORK', 172),
  (41, 'GALLERY', 16),
  (52, 'GALLERY', 1),
  (74, 'WORK', 187),
  (1, 'WORK', 147),
  (45, 'WORK', 113),
  (45, 'WORK', 18),
  (77, 'WORK', 39),
  (17, 'WORK', 34),
  (85, 'WORK', 84),
  (47, 'WORK', 32),
  (60, 'WORK', 51),
  (65, 'WORK', 138),
  (62, 'GALLERY', 13),
  (45, 'WORK', 192),
  (74, 'WORK', 21),
  (26, 'WORK', 181),
  (86, 'WORK', 96),
  (12, 'WORK', 26),
  (5, 'WORK', 185),
  (52, 'GALLERY', 20),
  (47, 'WORK', 139),
  (30, 'WORK', 123),
  (90, 'WORK', 194),
  (83, 'WORK', 100),
  (60, 'WORK', 176),
  (73, 'WORK', 184),
  (49, 'GALLERY', 24),
  (31, 'WORK', 135),
  (58, 'WORK', 47),
  (7, 'WORK', 64),
  (52, 'WORK', 93),
  (93, 'WORK', 114),
  (34, 'WORK', 161),
  (30, 'WORK', 142),
  (76, 'WORK', 115),
  (1, 'GALLERY', 29),
  (3, 'WORK', 7),
  (4, 'WORK', 48),
  (13, 'WORK', 193),
  (76, 'WORK', 38),
  (21, 'WORK', 104),
  (31, 'WORK', 48),
  (74, 'GALLERY', 20),
  (81, 'GALLERY', 8),
  (68, 'WORK', 195),
  (42, 'WORK', 196),
  (53, 'GALLERY', 24),
  (83, 'GALLERY', 22),
  (14, 'GALLERY', 28),
  (21, 'GALLERY', 5),
  (43, 'GALLERY', 13)
 on conflict (member_id, target_type, target_id) do nothing;

-- 11. 팔로우 (400건)
insert into tbl_follow (follower_id, following_id) values
  (86, 72),
  (88, 100),
  (98, 46),
  (28, 58),
  (40, 41),
  (47, 89),
  (91, 34),
  (48, 63),
  (9, 81),
  (11, 23),
  (69, 95),
  (52, 24),
  (62, 92),
  (22, 19),
  (45, 30),
  (22, 28),
  (54, 97),
  (12, 91),
  (79, 10),
  (14, 51),
  (16, 79),
  (98, 41),
  (82, 24),
  (55, 79),
  (94, 7),
  (92, 74),
  (63, 38),
  (5, 87),
  (87, 13),
  (12, 86),
  (67, 31),
  (66, 75),
  (15, 2),
  (96, 76),
  (47, 34),
  (71, 1),
  (55, 47),
  (36, 43),
  (47, 43),
  (71, 19),
  (69, 67),
  (83, 11),
  (80, 94),
  (6, 56),
  (81, 77),
  (8, 93),
  (84, 97),
  (55, 24),
  (55, 33),
  (15, 6),
  (79, 9),
  (7, 2),
  (90, 18),
  (63, 1),
  (88, 85),
  (59, 49),
  (5, 50),
  (48, 39),
  (80, 71),
  (6, 33),
  (77, 84),
  (94, 15),
  (61, 76),
  (52, 18),
  (85, 33),
  (22, 4),
  (97, 7),
  (31, 71),
  (2, 35),
  (84, 74),
  (23, 67),
  (3, 9),
  (89, 12),
  (70, 8),
  (1, 48),
  (78, 30),
  (12, 94),
  (36, 33),
  (99, 71),
  (56, 100),
  (92, 50),
  (46, 92),
  (49, 88),
  (77, 70),
  (9, 61),
  (27, 69),
  (62, 36),
  (81, 49),
  (30, 65),
  (50, 80),
  (54, 41),
  (36, 1),
  (87, 83),
  (56, 86),
  (16, 59),
  (80, 61),
  (42, 44),
  (73, 40),
  (10, 2),
  (42, 80),
  (51, 21),
  (12, 48),
  (72, 98),
  (87, 96),
  (45, 90),
  (56, 90),
  (40, 2),
  (49, 69),
  (26, 94),
  (27, 68),
  (91, 71),
  (62, 44),
  (24, 8),
  (43, 30),
  (59, 2),
  (72, 84),
  (4, 66),
  (88, 38),
  (17, 14),
  (98, 69),
  (21, 2),
  (23, 20),
  (30, 77),
  (35, 12),
  (24, 30),
  (72, 79),
  (47, 4),
  (65, 49),
  (38, 41),
  (58, 37),
  (73, 16),
  (63, 88),
  (48, 99),
  (63, 97),
  (35, 7),
  (24, 16),
  (65, 17),
  (34, 66),
  (57, 40),
  (100, 20),
  (55, 88),
  (80, 32),
  (42, 33),
  (48, 76),
  (39, 18),
  (23, 1),
  (8, 49),
  (72, 24),
  (40, 99),
  (12, 37),
  (25, 56),
  (56, 34),
  (96, 18),
  (25, 65),
  (65, 21),
  (34, 52),
  (34, 70),
  (37, 66),
  (89, 67),
  (57, 44),
  (18, 25),
  (26, 38),
  (58, 18),
  (38, 49),
  (89, 85),
  (59, 81),
  (61, 23),
  (82, 55),
  (19, 17),
  (50, 32),
  (91, 33),
  (47, 97),
  (19, 26),
  (19, 35),
  (29, 76),
  (72, 28),
  (16, 2),
  (88, 18),
  (51, 90),
  (76, 34),
  (49, 17),
  (22, 63),
  (68, 30),
  (77, 8),
  (78, 62),
  (69, 4),
  (78, 80),
  (98, 58),
  (82, 50),
  (18, 56),
  (40, 53),
  (83, 51),
  (93, 73),
  (85, 69),
  (34, 42),
  (15, 10),
  (32, 90),
  (7, 15),
  (50, 4),
  (7, 42),
  (71, 45),
  (5, 90),
  (63, 59),
  (75, 33),
  (10, 43),
  (25, 41),
  (10, 61),
  (86, 38),
  (93, 86),
  (38, 7),
  (51, 98),
  (35, 99),
  (47, 64),
  (6, 41),
  (69, 97),
  (9, 92),
  (33, 49),
  (51, 57),
  (45, 23),
  (32, 53),
  (76, 10),
  (74, 77),
  (49, 2),
  (1, 74),
  (47, 59),
  (57, 100),
  (91, 13),
  (77, 87),
  (83, 18),
  (6, 45),
  (9, 78),
  (52, 21),
  (10, 15),
  (50, 97),
  (42, 93),
  (64, 4),
  (73, 80),
  (22, 7),
  (66, 41),
  (32, 48),
  (20, 92),
  (43, 66),
  (67, 51),
  (70, 56),
  (92, 53),
  (48, 37),
  (9, 55),
  (38, 91),
  (61, 65),
  (81, 43),
  (10, 19),
  (33, 30),
  (73, 75),
  (62, 75),
  (54, 71),
  (74, 58),
  (55, 17),
  (79, 2),
  (99, 69),
  (17, 27),
  (7, 4),
  (70, 42),
  (1, 91),
  (76, 94),
  (82, 25),
  (36, 58),
  (94, 8),
  (50, 60),
  (29, 37),
  (50, 78),
  (39, 68),
  (31, 73),
  (14, 2),
  (14, 11),
  (95, 94),
  (55, 21),
  (13, 52),
  (17, 13),
  (47, 35),
  (71, 11),
  (48, 18),
  (69, 59),
  (50, 55),
  (21, 19),
  (18, 93),
  (74, 3),
  (62, 47),
  (91, 83),
  (2, 14),
  (83, 88),
  (36, 12),
  (95, 98),
  (65, 66),
  (76, 66),
  (77, 31),
  (17, 26),
  (15, 83),
  (61, 68),
  (11, 58),
  (87, 62),
  (78, 4),
  (96, 49),
  (5, 1),
  (24, 51),
  (99, 54),
  (17, 3),
  (76, 52),
  (1, 58),
  (46, 57),
  (99, 72),
  (68, 66),
  (69, 49),
  (49, 89),
  (82, 95),
  (66, 7),
  (23, 36),
  (51, 27),
  (24, 10),
  (16, 6),
  (88, 22),
  (33, 86),
  (44, 95),
  (17, 16),
  (49, 57),
  (61, 40),
  (79, 76),
  (7, 69),
  (98, 89),
  (62, 14),
  (40, 84),
  (60, 71),
  (23, 40),
  (41, 85),
  (35, 23),
  (44, 90),
  (34, 55),
  (16, 19),
  (2, 84),
  (65, 33),
  (38, 25),
  (45, 82),
  (58, 21),
  (80, 30),
  (89, 97),
  (42, 31),
  (79, 98),
  (73, 27),
  (30, 56),
  (12, 17),
  (83, 77),
  (23, 35),
  (53, 36),
  (99, 3),
  (84, 60),
  (25, 72),
  (22, 48),
  (64, 72),
  (69, 7),
  (58, 7),
  (67, 74),
  (3, 89),
  (78, 92),
  (36, 95),
  (59, 97),
  (7, 59),
  (90, 75),
  (39, 11),
  (83, 63),
  (10, 60),
  (93, 94),
  (76, 41),
  (38, 24),
  (14, 66),
  (70, 65),
  (55, 76),
  (18, 36),
  (8, 1),
  (89, 87),
  (98, 74),
  (27, 32),
  (91, 44),
  (6, 67),
  (23, 7),
  (84, 32),
  (34, 22),
  (10, 73),
  (64, 53),
  (56, 49),
  (55, 62),
  (67, 82),
  (61, 11),
  (30, 5),
  (48, 50),
  (41, 29),
  (48, 77),
  (52, 29),
  (14, 20),
  (85, 71),
  (13, 70),
  (43, 92)
 on conflict (follower_id, following_id) do nothing;

-- 12. 댓글 (300건)
insert into tbl_comment (member_id, target_type, target_id, content) values
  (63, 'WORK', 23, '잘 봤습니다'),
  (89, 'WORK', 42, '구매하고 싶네요'),
  (12, 'GALLERY', 8, '분위기 최고입니다'),
  (50, 'GALLERY', 3, '구도가 멋져요'),
  (62, 'GALLERY', 1, '색감이 너무 좋아요'),
  (72, 'WORK', 90, '계속 작업 보고 싶어요'),
  (15, 'WORK', 24, '감각이 뛰어나시네요'),
  (79, 'GALLERY', 1, '분위기 최고입니다'),
  (14, 'GALLERY', 29, '심도 있는 작품이에요'),
  (24, 'WORK', 81, '이런 스타일 좋아해요'),
  (6, 'WORK', 192, '북마크 했습니다'),
  (57, 'GALLERY', 8, '정말 멋진 작품이네요!'),
  (6, 'WORK', 52, '정말 멋진 작품이네요!'),
  (56, 'GALLERY', 3, '감각이 뛰어나시네요'),
  (2, 'GALLERY', 22, '정말 멋진 작품이네요!'),
  (90, 'GALLERY', 9, '심도 있는 작품이에요'),
  (74, 'WORK', 130, '톤이 좋네요'),
  (92, 'GALLERY', 18, '오래 보고 싶은 그림'),
  (83, 'GALLERY', 8, '분위기 최고입니다'),
  (76, 'GALLERY', 14, '잘 봤습니다'),
  (45, 'WORK', 106, '분위기 최고입니다'),
  (61, 'GALLERY', 9, '톤이 좋네요'),
  (94, 'WORK', 106, '색감이 너무 좋아요'),
  (26, 'WORK', 122, '톤이 좋네요'),
  (69, 'GALLERY', 26, '색감이 너무 좋아요'),
  (93, 'WORK', 198, '톤이 좋네요'),
  (34, 'WORK', 10, '오래 보고 싶은 그림'),
  (46, 'WORK', 40, '톤이 좋네요'),
  (88, 'GALLERY', 8, '분위기 최고입니다'),
  (38, 'WORK', 120, '인상적이에요'),
  (33, 'GALLERY', 15, '잘 봤습니다'),
  (20, 'WORK', 87, '이런 스타일 좋아해요'),
  (35, 'WORK', 104, '잘 봤습니다'),
  (96, 'GALLERY', 2, '이런 스타일 좋아해요'),
  (76, 'GALLERY', 7, '잘 봤습니다'),
  (33, 'WORK', 184, '구도가 멋져요'),
  (70, 'GALLERY', 30, '잘 봤습니다'),
  (39, 'WORK', 141, '분위기 최고입니다'),
  (30, 'GALLERY', 26, '이런 스타일 좋아해요'),
  (18, 'GALLERY', 13, '잘 봤습니다'),
  (43, 'WORK', 85, '정말 멋진 작품이네요!'),
  (57, 'GALLERY', 27, '구도가 멋져요'),
  (7, 'GALLERY', 23, '이런 스타일 좋아해요'),
  (80, 'GALLERY', 15, '오래 보고 싶은 그림'),
  (47, 'GALLERY', 3, '이런 스타일 좋아해요'),
  (73, 'WORK', 53, '분위기 최고입니다'),
  (5, 'WORK', 153, '잘 봤습니다'),
  (99, 'GALLERY', 29, '오래 보고 싶은 그림'),
  (64, 'WORK', 11, '계속 작업 보고 싶어요'),
  (4, 'GALLERY', 24, '계속 작업 보고 싶어요'),
  (13, 'WORK', 60, '색감이 너무 좋아요'),
  (100, 'WORK', 119, '잘 봤습니다'),
  (77, 'GALLERY', 4, '계속 작업 보고 싶어요'),
  (43, 'WORK', 37, '톤이 좋네요'),
  (57, 'GALLERY', 23, '계속 작업 보고 싶어요'),
  (88, 'GALLERY', 2, '북마크 했습니다'),
  (82, 'WORK', 44, '정말 멋진 작품이네요!'),
  (80, 'GALLERY', 23, '오래 보고 싶은 그림'),
  (35, 'WORK', 81, '북마크 했습니다'),
  (23, 'WORK', 175, '정말 멋진 작품이네요!'),
  (18, 'WORK', 171, '분위기 최고입니다'),
  (41, 'GALLERY', 29, '톤이 좋네요'),
  (8, 'GALLERY', 28, '정말 멋진 작품이네요!'),
  (98, 'WORK', 107, '톤이 좋네요'),
  (41, 'WORK', 21, '색감이 너무 좋아요'),
  (93, 'GALLERY', 7, '구도가 멋져요'),
  (84, 'WORK', 89, '계속 작업 보고 싶어요'),
  (82, 'GALLERY', 15, '구도가 멋져요'),
  (57, 'GALLERY', 2, '구매하고 싶네요'),
  (13, 'WORK', 127, '톤이 좋네요'),
  (25, 'GALLERY', 23, '심도 있는 작품이에요'),
  (77, 'WORK', 119, '잘 봤습니다'),
  (91, 'WORK', 91, '북마크 했습니다'),
  (4, 'GALLERY', 21, '구도가 멋져요'),
  (97, 'WORK', 171, '심도 있는 작품이에요'),
  (2, 'WORK', 13, '이런 스타일 좋아해요'),
  (80, 'GALLERY', 22, '인상적이에요'),
  (93, 'GALLERY', 25, '정말 멋진 작품이네요!'),
  (75, 'WORK', 177, '색감이 너무 좋아요'),
  (45, 'WORK', 72, '분위기 최고입니다'),
  (55, 'WORK', 55, '정말 멋진 작품이네요!'),
  (10, 'GALLERY', 3, '잘 봤습니다'),
  (79, 'GALLERY', 21, '구도가 멋져요'),
  (84, 'WORK', 57, '오래 보고 싶은 그림'),
  (46, 'WORK', 140, '오래 보고 싶은 그림'),
  (88, 'WORK', 96, '감각이 뛰어나시네요'),
  (6, 'GALLERY', 5, '오래 보고 싶은 그림'),
  (5, 'GALLERY', 3, '정말 멋진 작품이네요!'),
  (73, 'GALLERY', 16, '감각이 뛰어나시네요'),
  (3, 'WORK', 165, '이런 스타일 좋아해요'),
  (71, 'GALLERY', 30, '정말 멋진 작품이네요!'),
  (50, 'WORK', 140, '북마크 했습니다'),
  (34, 'GALLERY', 16, '정말 멋진 작품이네요!'),
  (65, 'WORK', 123, '구매하고 싶네요'),
  (28, 'WORK', 184, '계속 작업 보고 싶어요'),
  (37, 'WORK', 146, '구매하고 싶네요'),
  (29, 'GALLERY', 28, '정말 멋진 작품이네요!'),
  (63, 'WORK', 101, '응원합니다'),
  (21, 'GALLERY', 25, '오래 보고 싶은 그림'),
  (28, 'GALLERY', 1, '분위기 최고입니다'),
  (2, 'GALLERY', 27, '색감이 너무 좋아요'),
  (49, 'GALLERY', 7, '오래 보고 싶은 그림'),
  (51, 'GALLERY', 5, '분위기 최고입니다'),
  (59, 'GALLERY', 4, '잘 봤습니다'),
  (75, 'GALLERY', 6, '정말 멋진 작품이네요!'),
  (74, 'WORK', 170, '북마크 했습니다'),
  (29, 'WORK', 57, '구매하고 싶네요'),
  (13, 'GALLERY', 28, '색감이 너무 좋아요'),
  (5, 'WORK', 189, '감각이 뛰어나시네요'),
  (54, 'WORK', 165, '심도 있는 작품이에요'),
  (32, 'WORK', 92, '정말 멋진 작품이네요!'),
  (33, 'GALLERY', 17, '인상적이에요'),
  (15, 'WORK', 39, '색감이 너무 좋아요'),
  (57, 'GALLERY', 13, '인상적이에요'),
  (1, 'WORK', 158, '구매하고 싶네요'),
  (59, 'GALLERY', 30, '오래 보고 싶은 그림'),
  (73, 'GALLERY', 11, '심도 있는 작품이에요'),
  (22, 'WORK', 23, '감각이 뛰어나시네요'),
  (22, 'GALLERY', 10, '이런 스타일 좋아해요'),
  (31, 'WORK', 60, '이런 스타일 좋아해요'),
  (89, 'WORK', 3, '분위기 최고입니다'),
  (46, 'GALLERY', 12, '잘 봤습니다'),
  (33, 'WORK', 20, '응원합니다'),
  (4, 'GALLERY', 29, '북마크 했습니다'),
  (57, 'WORK', 1, '색감이 너무 좋아요'),
  (21, 'WORK', 89, '인상적이에요'),
  (25, 'WORK', 47, '이런 스타일 좋아해요'),
  (83, 'WORK', 26, '톤이 좋네요'),
  (46, 'WORK', 18, '구도가 멋져요'),
  (74, 'WORK', 134, '구도가 멋져요'),
  (1, 'GALLERY', 24, '계속 작업 보고 싶어요'),
  (13, 'GALLERY', 19, '이런 스타일 좋아해요'),
  (15, 'WORK', 198, '잘 봤습니다'),
  (69, 'GALLERY', 7, '오래 보고 싶은 그림'),
  (71, 'GALLERY', 18, '색감이 너무 좋아요'),
  (96, 'GALLERY', 19, '응원합니다'),
  (91, 'GALLERY', 6, '북마크 했습니다'),
  (72, 'WORK', 98, '잘 봤습니다'),
  (7, 'WORK', 182, '톤이 좋네요'),
  (31, 'GALLERY', 30, '응원합니다'),
  (71, 'WORK', 18, '이런 스타일 좋아해요'),
  (75, 'WORK', 131, '응원합니다'),
  (36, 'WORK', 131, '오래 보고 싶은 그림'),
  (7, 'GALLERY', 28, '계속 작업 보고 싶어요'),
  (18, 'WORK', 132, '분위기 최고입니다'),
  (1, 'GALLERY', 6, '정말 멋진 작품이네요!'),
  (28, 'WORK', 142, '감각이 뛰어나시네요'),
  (17, 'GALLERY', 18, '계속 작업 보고 싶어요'),
  (85, 'WORK', 35, '분위기 최고입니다'),
  (12, 'WORK', 65, '구매하고 싶네요'),
  (36, 'GALLERY', 16, '계속 작업 보고 싶어요'),
  (17, 'WORK', 188, '구도가 멋져요'),
  (54, 'WORK', 17, '오래 보고 싶은 그림'),
  (2, 'WORK', 180, '계속 작업 보고 싶어요'),
  (81, 'WORK', 189, '북마크 했습니다'),
  (5, 'WORK', 33, '계속 작업 보고 싶어요'),
  (36, 'WORK', 13, '구도가 멋져요'),
  (17, 'WORK', 57, '분위기 최고입니다'),
  (46, 'GALLERY', 16, '심도 있는 작품이에요'),
  (14, 'WORK', 179, '인상적이에요'),
  (25, 'GALLERY', 23, '정말 멋진 작품이네요!'),
  (12, 'WORK', 129, '이런 스타일 좋아해요'),
  (7, 'GALLERY', 29, '이런 스타일 좋아해요'),
  (26, 'GALLERY', 13, '정말 멋진 작품이네요!'),
  (92, 'WORK', 89, '톤이 좋네요'),
  (59, 'WORK', 113, '응원합니다'),
  (75, 'GALLERY', 13, '색감이 너무 좋아요'),
  (99, 'WORK', 34, '색감이 너무 좋아요'),
  (21, 'WORK', 167, '감각이 뛰어나시네요'),
  (88, 'WORK', 107, '구도가 멋져요'),
  (39, 'WORK', 121, '이런 스타일 좋아해요'),
  (75, 'WORK', 41, '북마크 했습니다'),
  (4, 'WORK', 31, '구매하고 싶네요'),
  (70, 'WORK', 190, '심도 있는 작품이에요'),
  (80, 'GALLERY', 3, '이런 스타일 좋아해요'),
  (20, 'GALLERY', 6, '감각이 뛰어나시네요'),
  (16, 'WORK', 52, '이런 스타일 좋아해요'),
  (65, 'GALLERY', 1, '정말 멋진 작품이네요!'),
  (72, 'GALLERY', 13, '구도가 멋져요'),
  (54, 'GALLERY', 27, '심도 있는 작품이에요'),
  (97, 'GALLERY', 15, '구도가 멋져요'),
  (30, 'WORK', 99, '북마크 했습니다'),
  (20, 'GALLERY', 30, '색감이 너무 좋아요'),
  (47, 'GALLERY', 12, '정말 멋진 작품이네요!'),
  (37, 'GALLERY', 19, '톤이 좋네요'),
  (84, 'GALLERY', 10, '정말 멋진 작품이네요!'),
  (51, 'GALLERY', 14, '인상적이에요'),
  (99, 'GALLERY', 20, '인상적이에요'),
  (54, 'WORK', 146, '오래 보고 싶은 그림'),
  (83, 'WORK', 78, '감각이 뛰어나시네요'),
  (59, 'GALLERY', 6, '인상적이에요'),
  (50, 'WORK', 44, '분위기 최고입니다'),
  (16, 'GALLERY', 29, '색감이 너무 좋아요'),
  (33, 'GALLERY', 5, '인상적이에요'),
  (18, 'GALLERY', 22, '구도가 멋져요'),
  (72, 'GALLERY', 21, '북마크 했습니다'),
  (87, 'GALLERY', 9, '분위기 최고입니다'),
  (66, 'WORK', 174, '심도 있는 작품이에요'),
  (95, 'WORK', 137, '응원합니다'),
  (80, 'WORK', 190, '구도가 멋져요'),
  (82, 'GALLERY', 5, '인상적이에요'),
  (92, 'GALLERY', 30, '색감이 너무 좋아요'),
  (29, 'GALLERY', 9, '인상적이에요'),
  (31, 'GALLERY', 26, '구도가 멋져요'),
  (37, 'WORK', 185, '응원합니다'),
  (86, 'WORK', 94, '정말 멋진 작품이네요!'),
  (31, 'GALLERY', 18, '인상적이에요'),
  (26, 'WORK', 67, '심도 있는 작품이에요'),
  (31, 'WORK', 177, '색감이 너무 좋아요'),
  (47, 'WORK', 181, '심도 있는 작품이에요'),
  (4, 'GALLERY', 13, '오래 보고 싶은 그림'),
  (60, 'GALLERY', 12, '톤이 좋네요'),
  (89, 'GALLERY', 30, '감각이 뛰어나시네요'),
  (43, 'GALLERY', 16, '톤이 좋네요'),
  (76, 'GALLERY', 13, '북마크 했습니다'),
  (99, 'GALLERY', 24, '구도가 멋져요'),
  (47, 'GALLERY', 7, '인상적이에요'),
  (73, 'GALLERY', 12, '응원합니다'),
  (50, 'GALLERY', 13, '구도가 멋져요'),
  (9, 'GALLERY', 26, '이런 스타일 좋아해요'),
  (17, 'WORK', 72, '색감이 너무 좋아요'),
  (37, 'WORK', 88, '오래 보고 싶은 그림'),
  (90, 'WORK', 138, '구도가 멋져요'),
  (43, 'WORK', 147, '구도가 멋져요'),
  (12, 'GALLERY', 17, '심도 있는 작품이에요'),
  (98, 'GALLERY', 6, '이런 스타일 좋아해요'),
  (48, 'WORK', 83, '감각이 뛰어나시네요'),
  (39, 'GALLERY', 13, '심도 있는 작품이에요'),
  (15, 'GALLERY', 6, '심도 있는 작품이에요'),
  (59, 'WORK', 4, '심도 있는 작품이에요'),
  (31, 'GALLERY', 5, '오래 보고 싶은 그림'),
  (24, 'WORK', 69, '이런 스타일 좋아해요'),
  (7, 'WORK', 74, '계속 작업 보고 싶어요'),
  (70, 'GALLERY', 21, '감각이 뛰어나시네요'),
  (21, 'WORK', 64, '이런 스타일 좋아해요'),
  (100, 'WORK', 78, '오래 보고 싶은 그림'),
  (92, 'GALLERY', 7, '톤이 좋네요'),
  (73, 'WORK', 116, '이런 스타일 좋아해요'),
  (99, 'WORK', 169, '응원합니다'),
  (88, 'WORK', 27, '구도가 멋져요'),
  (69, 'WORK', 8, '계속 작업 보고 싶어요'),
  (68, 'WORK', 127, '심도 있는 작품이에요'),
  (22, 'GALLERY', 30, '분위기 최고입니다'),
  (48, 'WORK', 21, '북마크 했습니다'),
  (72, 'GALLERY', 3, '구매하고 싶네요'),
  (27, 'GALLERY', 6, '오래 보고 싶은 그림'),
  (23, 'GALLERY', 24, '이런 스타일 좋아해요'),
  (35, 'GALLERY', 9, '심도 있는 작품이에요'),
  (15, 'GALLERY', 2, '응원합니다'),
  (21, 'WORK', 165, '심도 있는 작품이에요'),
  (68, 'WORK', 178, '이런 스타일 좋아해요'),
  (95, 'GALLERY', 29, '심도 있는 작품이에요'),
  (57, 'WORK', 57, '응원합니다'),
  (74, 'GALLERY', 5, '이런 스타일 좋아해요'),
  (42, 'GALLERY', 22, '이런 스타일 좋아해요'),
  (60, 'WORK', 50, '정말 멋진 작품이네요!'),
  (8, 'WORK', 72, '계속 작업 보고 싶어요'),
  (81, 'WORK', 196, '북마크 했습니다'),
  (20, 'GALLERY', 27, '심도 있는 작품이에요'),
  (69, 'GALLERY', 30, '색감이 너무 좋아요'),
  (42, 'WORK', 95, '계속 작업 보고 싶어요'),
  (4, 'WORK', 10, '구도가 멋져요'),
  (88, 'WORK', 124, '분위기 최고입니다'),
  (40, 'WORK', 17, '분위기 최고입니다'),
  (85, 'GALLERY', 15, '심도 있는 작품이에요'),
  (55, 'WORK', 31, '정말 멋진 작품이네요!'),
  (74, 'GALLERY', 8, '북마크 했습니다'),
  (28, 'WORK', 197, '톤이 좋네요'),
  (81, 'GALLERY', 17, '북마크 했습니다'),
  (22, 'WORK', 127, '구도가 멋져요'),
  (16, 'WORK', 51, '인상적이에요'),
  (45, 'GALLERY', 20, '오래 보고 싶은 그림'),
  (100, 'WORK', 133, '이런 스타일 좋아해요'),
  (4, 'WORK', 185, '감각이 뛰어나시네요'),
  (93, 'WORK', 148, '계속 작업 보고 싶어요'),
  (32, 'GALLERY', 26, '오래 보고 싶은 그림'),
  (48, 'WORK', 185, '감각이 뛰어나시네요'),
  (85, 'GALLERY', 27, '계속 작업 보고 싶어요'),
  (19, 'WORK', 61, '분위기 최고입니다'),
  (89, 'WORK', 164, '톤이 좋네요'),
  (90, 'GALLERY', 8, '감각이 뛰어나시네요'),
  (78, 'WORK', 134, '감각이 뛰어나시네요'),
  (37, 'WORK', 1, '오래 보고 싶은 그림'),
  (89, 'GALLERY', 23, '심도 있는 작품이에요'),
  (29, 'WORK', 91, '분위기 최고입니다'),
  (55, 'WORK', 109, '색감이 너무 좋아요'),
  (61, 'GALLERY', 2, '이런 스타일 좋아해요'),
  (71, 'WORK', 13, '응원합니다'),
  (24, 'WORK', 131, '이런 스타일 좋아해요'),
  (16, 'GALLERY', 26, '톤이 좋네요'),
  (49, 'WORK', 52, '정말 멋진 작품이네요!'),
  (63, 'WORK', 4, '색감이 너무 좋아요'),
  (13, 'WORK', 102, '오래 보고 싶은 그림'),
  (87, 'WORK', 143, '잘 봤습니다'),
  (12, 'WORK', 181, '심도 있는 작품이에요'),
  (81, 'GALLERY', 22, '이런 스타일 좋아해요'),
  (34, 'GALLERY', 18, '톤이 좋네요'),
  (26, 'GALLERY', 16, '오래 보고 싶은 그림'),
  (34, 'GALLERY', 25, '분위기 최고입니다'),
  (28, 'WORK', 54, '북마크 했습니다');